,author,work,id,provenience,century,orig_length,lemmata_length,nouns_adj_length,sentence_data
0,Lucianus Samosatenus,De saltatione,tlg0062.tlg045.1st1K-grc1,pagan,1.5,8031,3497,2297,"[207, 16.8937198068, 80, 10.8087596065]"
1,Lucianus Samosatenus,Deorum concilium,tlg0062.tlg050.1st1K-grc1,pagan,1.5,2166,912,557,"[63, 14.4761904762, 84, 15.7155843619]"
2,Plutarch,Theseus,tlg0007.tlg001.perseus-grc2,pagan,1.5,8306,4028,2412,"[249, 16.1767068273, 70, 10.2169685024]"
3,Xenophon,Apology,tlg0032.tlg005.perseus-grc2,pagan,-3.5,2250,908,463,"[54, 16.8148148148, 115, 15.5326109442]"
6,Lysias,For Polystratus,tlg0540.tlg020.perseus-grc2,pagan,-4.5,2215,866,424,"[79, 10.9620253165, 28, 6.5011061142]"
7,John,New Testament - John Machine readable text,tlg0031.tlg004.perseus-grc2,christian,0.5,17735,7316,3779,"[688, 10.6337209302, 43, 6.8224681898]"
8,Tatianus,Oratio ad Graecos,tlg1766.tlg001.perseus-grc1,christian,1.5,11760,5215,3357,"[384, 13.5807291667, 73, 9.4239689693]"
9,Galen,In Hippocratis De articulis,tlg0057.tlg095.1st1K-grc1,pagan,2.5,68397,28734,17271,"[2477, 11.6003229713, 68, 7.2050625829]"
10,Plutarch,Camillus,tlg0007.tlg011.perseus-grc2,pagan,1.5,12153,5924,3597,"[276, 21.4637681159, 71, 14.0220630603]"
12,Galen,De temperamentis,tlg0057.tlg009.1st1K-grc2,pagan,2.5,31092,13118,8960,"[1006, 13.0397614314, 45, 7.6570637837]"
13,Galen,"De hirudinibus, revulsione, cucurbitula, incisione et scarificatione",tlg0057.tlg071.1st1K-grc1,pagan,2.5,808,363,224,"[43, 8.4418604651, 30, 5.7599350997]"
15,Xenophon,Hellenica,tlg0032.tlg001.perseus-grc2,pagan,-3.5,75329,32373,17967,"[2527, 12.8108428967, 110, 8.4048147701]"
16,Polyaenus,Excerpta Polyaeni,tlg0616.tlg002.1st1K-grc1,pagan,1.5,18993,9393,5330,"[961, 9.7741935484, 106, 8.3016741664]"
18,Libanius,Orationes XIII-XXX,tlg2200.tlg00519.opp-grc1,pagan,3.5,4207,1777,1057,"[178, 9.9831460674, 58, 9.4971756411]"
19,Plato,Phaedrus,tlg0059.tlg012.perseus-grc2,pagan,-3.5,19530,8340,4746,"[553, 15.0813743219, 91, 12.9094312185]"
21,Aristotle,De partibus animalium,tlg0086.tlg030.1st1K-grc1,pagan,-3.5,42026,17152,11822,"[1358, 12.6303387334, 60, 7.367205826]"
24,Galen,De crisibus,tlg0057.tlg064.1st1K-grc1,pagan,2.5,38586,15860,10322,"[1448, 10.953038674, 62, 7.2649544107]"
25,Lucianus Samosatenus,Fugitivi,tlg0062.tlg043.1st1K-grc1,pagan,1.5,3797,1637,1014,"[150, 10.9133333333, 46, 9.3942795833]"
26,Thucydides,The Peloponnesian War,tlg0003.tlg001.perseus-grc2,pagan,-4.5,167306,73570,43860,"[4376, 16.8121572212, 85, 10.7594139856]"
28,Claudius Ptolemaeus,Syntaxis mathematica,tlg0363.tlg001.1st1K-grc1,pagan,1.5,193947,73984,53488,"[3978, 18.5982905983, 265, 21.4784145059]"
29,Athenagoras,De Resurrectione,tlg1205.tlg002.perseus-grc1,christian,1.5,9751,4130,2597,"[162, 25.4938271605, 117, 20.0318409851]"
30,Homer,Odyssey (Greek). Machine readable text,tlg0012.tlg002.perseus-grc2,pagan,-7.5,102302,51273,32595,"[3343, 15.3374214777, 141, 9.2380585389]"
32,Hippocrates,De affectionibus interioribus,tlg0627.tlg032.1st1K-grc1,pagan,-3.5,19147,8640,5419,"[460, 18.7826086957, 93, 16.1960986224]"
33,Hippocrates,De morbo sacro,tlg0627.tlg027.1st1K-grc1,pagan,-3.5,5400,2285,1412,"[125, 18.28, 84, 15.099986755]"
34,Galen,De compositione medicamentorum per genera,tlg0057.tlg077.1st1K-grc1,pagan,2.5,124736,56691,39235,"[11423, 4.9628819049, 61, 5.9433128696]"
35,Libanius,Fasc. I. Libanii Qui Feruntur Characteres Epistolici Prolegomena ad Epistulas,tlg2200.tlg008.opp-grc1,pagan,3.5,2918,1249,752,"[236, 5.2923728814, 86, 7.9032353038]"
36,Galen,De praesagitione ex pulsibus,tlg0057.tlg062.1st1K-grc1,pagan,2.5,40712,16840,11361,"[1302, 12.9339477727, 68, 7.9148851343]"
37,Lucianus Samosatenus,De sacrificiis,tlg0062.tlg027.1st1K-grc1,pagan,1.5,1994,856,533,"[39, 21.9487179487, 104, 17.3677400888]"
38,Lucianus Samosatenus,Dearum judicium,tlg0062.tlg032.1st1K-grc1,pagan,1.5,2447,968,567,"[108, 8.962962963, 50, 7.4335649265]"
40,Galen,Protrepticus,tlg0057.tlg001.1st1K-grc2,pagan,2.5,5826,2523,1611,"[159, 15.8679245283, 53, 9.9673133764]"
41,Athenaeus,The Deipnosophists Machine readable text,tlg0008.tlg001.perseus-grc4,pagan,2.5,304400,145762,95634,"[12008, 12.1382411726, 115, 10.2212960712]"
42,Aristotle,De sensu et sensibilibus,tlg0086.tlg041.1st1K-grc1,pagan,-3.5,8965,3634,2415,"[300, 12.09, 58, 8.1622239616]"
43,Aristotle,Physica (textus alter),tlg0086.tlg054.1st1K-grc1,pagan,-3.5,2682,946,573,"[112, 8.4464285714, 28, 5.8855745042]"
44,John,New Testament - 3 John Machine readable text,tlg0031.tlg025.perseus-grc2,christian,0.5,256,110,65,"[15, 7.3333333333, 18, 4.5264653858]"
45,Sophocles,Oedipus at Colonus,tlg0011.tlg007.perseus-grc2,pagan,-4.5,12654,5859,3589,"[594, 9.8636363636, 59, 7.9833533187]"
46,Aristotle,De anima (codicis E fragmenta recensionis a vulgata diversae),tlg0086.tlg052.1st1K-grc1,pagan,-3.5,2847,1062,721,"[90, 11.8, 40, 8.40528934]"
47,Appian,Kings ,tlg0551.tlg002.perseus-grc2,pagan,1.5,913,435,301,"[38, 11.4473684211, 24, 6.5481912666]"
49,Libanius,Orationes XXVI-L,tlg2200.tlg00429.opp-grc1,pagan,3.5,3439,1385,724,"[120, 11.5416666667, 39, 9.0846902656]"
50,Hippocrates,De natura pueri,tlg0627.tlg024b.1st1K-grc1,pagan,-3.5,8315,3496,2179,"[181, 19.3149171271, 78, 15.0569911303]"
51,Isocrates,Evagoras from Speeches Machine readable text,tlg0010.tlg015.perseus-grc2,pagan,-3.5,5103,2183,1276,"[103, 21.1941747573, 105, 15.6571632866]"
52,Lysias,On the Murder of Eratosthenes,tlg0540.tlg001.perseus-grc2,pagan,-4.5,2784,1141,578,"[81, 14.0864197531, 54, 10.2248759006]"
53,Dio Chrysostom,Orationes,tlg0612.tlg001.perseus-grc1,pagan,0.5,202593,86695,51371,"[5644, 15.3605598866, 163, 14.1617119681]"
54,Hippocrates,De carnibus,tlg0627.tlg043.1st1K-grc1,pagan,-3.5,3918,1668,1090,"[101, 16.5148514851, 79, 13.0941857412]"
55,Galen,De venarum arteriarumque dissectione,tlg0057.tlg013.1st1K-grc1,pagan,2.5,8423,3425,2300,"[272, 12.5919117647, 46, 7.5716436473]"
56,Galen,De constitutione artis medicae ad Patrophilum,tlg0057.tlg006.1st1K-grc1,pagan,2.5,13938,5703,3670,"[512, 11.138671875, 56, 6.9923443484]"
57,Lucianus Samosatenus,Icaromenippus,tlg0062.tlg021.1st1K-grc1,pagan,1.5,6088,2624,1567,"[145, 18.0965517241, 68, 12.1804388902]"
58,Porphyry,Quaestionum Homericanum ad Iliadem pertinentium reliquiae,tlg2034.tlg014.1st1K-grc1,pagan,2.5,83071,32322,19419,"[4747, 6.808931957, 76, 8.1482433741]"
60,Lucianus Samosatenus,Adversus indoctum et libros multos ementem,tlg0062.tlg028.1st1K-grc1,pagan,1.5,4312,1842,1121,"[90, 20.4666666667, 83, 15.6277530908]"
61,Galen,In Hippocratis Aphorismos,tlg0057.tlg092.1st1K-grc1,pagan,2.5,107632,46435,29775,"[4202, 11.0506901475, 67, 6.5483629522]"
62,Galen,In Hippocratis De victu acutorum,tlg0057.tlg087.1st1K-grc1,pagan,2.5,75379,32610,20180,"[1977, 16.4946889226, 109, 9.8100882864]"
63,Plato,Laches,tlg0059.tlg019.perseus-grc2,pagan,-3.5,9200,3577,1944,"[307, 11.651465798, 83, 10.4351115579]"
64,The Shepherd of Hermas,The Shepherd of Hermas,tlg1419.tlg001.1st1K-grc1,christian,1.5,33629,14742,8535,"[1230, 11.9853658537, 56, 8.0502353945]"
65,Alexander of Aphrodisias,In Aristotelis metaphysica commentaria,tlg0732.tlg004.opp-grc1,pagan,2.5,379392,151661,89615,"[10313, 14.7058082032, 139, 10.8784234688]"
67,Arrian,Acies Contra Alanos,tlg0074.tlg006.perseus-grc1,pagan,1.5,1410,601,423,"[59, 10.186440678, 35, 7.5721939509]"
68,Irenaeus,Libros quinque adversus haereses,tlg1447.tlg001.1st1K-grc1,christian,2.5,26030,10402,6661,"[1076, 9.6672862454, 104, 10.4618659831]"
69,Ignatius Antiochenus,Ad Ephesios (epist. 1),tlg1443.tlg004.1st1K-grc1,christian,1.5,2072,925,604,"[68, 13.6029411765, 53, 10.6786478901]"
71,Galen,De temperamentis,tlg0057.tlg009.1st1K-grc1,pagan,2.5,32439,13105,8925,"[1120, 11.7008928571, 57, 7.111283734]"
73,Plato,Definitiones,tlg0059.tlg037.First1K-grc1,pagan,-3.5,2067,1238,1079,"[185, 6.6918918919, 49, 5.0539991325]"
74,Aristophanes,Birds Machine readable text,tlg0019.tlg006.perseus-grc2,pagan,-3.5,12683,5764,3501,"[739, 7.799729364, 52, 7.1534845305]"
76,Lysias,Against Alcibiades 2,tlg0540.tlg015.perseus-grc2,pagan,-4.5,678,284,134,"[13, 21.8461538462, 44, 9.4774725115]"
77,Isocrates,Against Euthynus from Speeches Machine readable text,tlg0010.tlg001.perseus-grc2,pagan,-3.5,1255,535,235,"[43, 12.4418604651, 39, 6.8414003924]"
78,Aeschylus,Libation Bearers Machine readable text,tlg0085.tlg006.perseus-grc2,pagan,-4.5,5,0,0,"[2, 0.0, 0, 0.0]"
79,Xenophon,Ways and Means,tlg0032.tlg011.perseus-grc2,pagan,-3.5,4289,1842,1075,"[133, 13.8496240602, 60, 8.8449435371]"
80,Aesop,Fabulae,tlg0096.tlg002.First1K-grc1,pagan,-5.5,61502,23016,12600,"[5898, 3.9023397762, 78, 6.3015086401]"
84,Galen,De antidotis,tlg0057.tlg078.1st1K-grc1,pagan,2.5,35423,16096,11548,"[3068, 5.2464146023, 130, 7.1193886287]"
85,Hippocrates,De ulceribus,tlg0627.tlg028.1st1K-grc1,pagan,-3.5,4119,1896,1247,"[133, 14.2556390977, 114, 14.1849513267]"
86,Galen,De diebus decretoriis,tlg0057.tlg065.1st1K-grc1,pagan,2.5,30723,12534,8008,"[955, 13.1246073298, 61, 8.4004594569]"
87,Galen,De curandi ratione per venae sectionem,tlg0057.tlg070.1st1K-grc1,pagan,2.5,11302,4866,3086,"[386, 12.6062176166, 59, 8.2496891255]"
88,Hippocrates,De salubri diaeta,tlg0627.tlg020.1st1K-grc1,pagan,-3.5,1662,775,519,"[43, 18.023255814, 48, 14.2134694913]"
89,Hippocrates,De octimestri partu,tlg0627.tlg035.1st1K-grc1,pagan,-3.5,885,386,240,"[22, 17.5454545455, 37, 12.1943626049]"
90,Libanius,Orationes XXVI-L,tlg2200.tlg00428.opp-grc1,pagan,3.5,2540,978,514,"[90, 10.8666666667, 43, 8.9370638977]"
91,Epiphanius,EPIPHANIUS,tlg2021.tlg001.opp-grc1,christian,3.5,45736,20087,13188,"[1354, 14.8353028065, 166, 15.6637552758]"
92,Plutarch,Numa,tlg0007.tlg005.perseus-grc2,pagan,1.5,8357,4103,2627,"[174, 23.5804597701, 120, 18.417628606]"
93,Agathemerus,Geographiae Informatio,tlg0090.tlg001.opp-grc1,pagan,2.5,2391,1178,998,"[74, 15.9189189189, 92, 15.1726610084]"
94,,Fragmenta In Lamentationes (In Catenis de Prophetis),tlg2042.tlg011.opp-grc1,christian,2.5,13009,5136,3051,"[797, 6.4441656211, 43, 7.9879744442]"
95,pseudo-Galen,Ad Gaurum quomodo animetur fetus,tlg0530.tlg006.1st1K-grc1,pagan,2.5,13591,4512,2804,"[1635, 2.7596330275, 125, 10.7786893548]"
96,Appian,Punic Wars ,tlg0551.tlg009.perseus-grc2,pagan,1.5,28710,12900,7786,"[912, 14.1447368421, 91, 9.374335926]"
97,pseudo-Paul,New Testament - Ephesians Machine readable text,tlg0031.tlg010.perseus-grc2,christian,0.5,2738,1151,822,"[54, 21.3148148148, 89, 20.4693303316]"
100,Isocrates,To Philip from Speeches Machine readable text,tlg0010.tlg020.perseus-grc2,pagan,-3.5,9747,4063,2125,"[209, 19.4401913876, 84, 14.7553416477]"
102,Lysias,Against The Subversion of the Ancestral Constitution,tlg0540.tlg034.perseus-grc2,pagan,-4.5,651,271,139,"[12, 21.75, 74, 16.6088580783]"
103,Euclid,Data (demonstrationes alterae),tlg1799.tlg008.First1K-grc1,pagan,-3.5,5002,1533,909,"[230, 6.6652173913, 49, 7.8144853621]"
104,,Homiliae In Lucam,tlg2042.tlg016.opp-grc1,christian,2.5,61081,9279,5855,"[1956, 4.7438650307, 87, 8.2653673069]"
107,Athenagoras,De resurrectione,tlg1205.tlg002.perseus-grc2,christian,1.5,9861,4193,2631,"[163, 25.7239263804, 117, 20.0723502231]"
108,Lucianus Samosatenus,Tyrannicida,tlg0062.tlg051.1st1K-grc1,pagan,1.5,3394,1450,849,"[81, 17.9012345679, 121, 15.0173602736]"
109,Lucianus Samosatenus,Toxaris vel amicitia,tlg0062.tlg044.1st1K-grc1,pagan,1.5,11254,4814,2763,"[308, 15.6298701299, 62, 9.9086419704]"
110,Euripides,Bacchae,tlg0006.tlg017.perseus-grc2,pagan,-4.5,9150,4798,3116,"[437, 10.9794050343, 60, 9.0375284998]"
111,Aristotle,De respiratione,tlg0086.tlg037.1st1K-grc1,pagan,-3.5,6930,2873,1786,"[244, 11.7745901639, 40, 7.071242401]"
113,Galen,De consuetudinibus,tlg0057.tlg103.1st1K-grc1,pagan,2.5,4465,1905,1185,"[92, 20.7065217391, 108, 17.1657761406]"
114,Aristotle,Magna Moralia,tlg0086.tlg022.1st1K-grc1,pagan,-3.5,28293,10893,6524,"[984, 11.0701219512, 60, 8.1895830116]"
115,Galen,Adhortatio ad artes addiscendas,tlg0057.tlg001.1st1K-grc1,pagan,2.5,5962,2540,1636,"[182, 13.956043956, 55, 9.1961674864]"
116,Galen,De nervorum dissectione,tlg0057.tlg014.1st1K-grc1,pagan,2.5,4028,1625,1126,"[115, 14.1304347826, 46, 8.3546620561]"
117,Hippocrates,Praeceptiones,tlg0627.tlg051.1st1K-grc1,pagan,-3.5,1605,750,448,"[72, 10.4166666667, 34, 8.5175472474]"
118,Clement of Alexandria,Protrepticus,tlg0555.tlg001.opp-grc1,christian,2.5,27772,12622,8498,"[699, 18.0572246066, 102, 12.8169522386]"
120,Plato,Theaetetus,tlg0059.tlg006.perseus-grc2,pagan,-3.5,27362,10938,6063,"[1046, 10.4569789675, 66, 9.6524481511]"
121,Libanius,Orationes LI-LXIV,tlg2200.tlg00458.opp-grc1,pagan,3.5,3649,1406,710,"[163, 8.6257668712, 39, 7.0893386554]"
123,Gorgias of Leontini,Defense of Palamedes ΥΠΕΡ ΠΑΛΑΜΗΔΟΥΣ ΑΠΟΛΟΓΙΑ,tlg0593.1st1K002.1st1K-grc1,pagan,-4.5,2870,1213,724,"[134, 9.052238806, 52, 8.3561731263]"
124,Plato,Apology,tlg0059.tlg002.perseus-grc2,pagan,-3.5,9183,3670,1926,"[246, 14.918699187, 79, 11.1092823533]"
125,Galen,De musculorum dissectione ad tirones,tlg0057.tlg102.1st1K-grc1,pagan,2.5,16041,6868,4578,"[514, 13.3618677043, 52, 8.9680249776]"
126,Libanius,Orationes XIII-XXX,tlg2200.tlg00528.opp-grc1,pagan,3.5,2090,900,518,"[91, 9.8901098901, 44, 9.2563616965]"
127,Clement of Alexandria,Quis dives salvetur,tlg0555.tlg006.opp-grc1,christian,2.5,10849,4639,2852,"[534, 8.6872659176, 80, 9.5202104563]"
128,Gorgias,Encomium of Helen,tlg2255.perseus001.perseus-grc1,pagan,-3.5,1502,714,455,"[59, 12.1016949153, 42, 10.9678960102]"
130,Lucianus Samosatenus,Prometheus,tlg0062.tlg020.1st1K-grc1,pagan,1.5,2773,1136,666,"[71, 16.0, 69, 12.9907876351]"
131,Aeschylus,Prometheus Bound Machine readable text,tlg0085.tlg003.perseus-grc2,pagan,-4.5,6675,3436,2207,"[351, 9.7891737892, 43, 7.3330223051]"
133,Lysias,Against Theomnestus 1,tlg0540.tlg010.perseus-grc2,pagan,-4.5,1735,721,376,"[56, 12.875, 45, 10.2783797014]"
134,Isocrates,Concerning the Team of Horses from Speeches Machine readable text,tlg0010.tlg004.perseus-grc2,pagan,-3.5,3220,1366,744,"[63, 21.6825396825, 61, 12.5746348324]"
136,Aristophanes,Clouds Machine readable text,tlg0019.tlg003.perseus-grc2,pagan,-3.5,11470,5094,2910,"[677, 7.5243722304, 50, 6.8176120713]"
137,Babrius,Fabulae Aesopeae,tlg0614.tlg001.1st1K-grc1,pagan,1.5,14103,6784,3936,"[854, 7.943793911, 43, 6.338730998]"
138,Eusebius of Caesarea,EUSEBIUS,tlg2018.tlg002.opp-grc3,christian,3.5,265063,52965,35918,"[6462, 8.1963788301, 132, 13.4616722404]"
139,Plutarch,Pelopidas,tlg0007.tlg021.perseus-grc2,pagan,1.5,10499,5002,3010,"[198, 25.2626262626, 112, 17.1656138886]"
141,Appian,Syrian Wars ,tlg0551.tlg013.perseus-grc2,pagan,1.5,15600,7181,4657,"[453, 15.8520971302, 76, 10.0823420607]"
142,Ignatius Antiochenus,Ad Trallianos (epist. 3),tlg1443.tlg006.1st1K-grc1,christian,1.5,1111,462,274,"[52, 8.8846153846, 29, 6.1100605755]"
143,Libanius,Orationes LI-LXIV,tlg2200.tlg00455.opp-grc1,pagan,3.5,3389,1343,733,"[130, 10.3307692308, 45, 8.7154932439]"
144,Libanius,Orationes XIII-XXX,tlg2200.tlg00522.opp-grc1,pagan,3.5,3785,1543,844,"[124, 12.4435483871, 78, 12.8240590546]"
145,Methodius,Symposium Sive Convivium Decem Virginum,tlg2959.tlg001.opp-grc1,christian,3.5,33323,14444,9143,"[1068, 13.5243445693, 74, 11.5286797176]"
149,Libanius,Orationes I-V,tlg2200.tlg00407.opp-grc1,pagan,3.5,629,247,150,"[26, 9.5, 28, 7.8409673658]"
150,Libanius,Orationes LI-LXIV,tlg2200.tlg00452.opp-grc1,pagan,3.5,5281,2134,1146,"[226, 9.4424778761, 50, 7.7630142548]"
151,Arrian,Cynegeticus,tlg0074.tlg003.perseus-grc1,pagan,1.5,6867,2958,1769,"[255, 11.6, 42, 7.0763899071]"
152,Libanius,Orationes XIII-XXX,tlg2200.tlg00525.opp-grc1,pagan,3.5,4255,1998,1064,"[156, 12.8076923077, 71, 12.998577528]"
153,Origenes,Contra Celsum,tlg2042.tlg001.perseus-grc1,christian,2.5,188373,79484,47742,"[5013, 15.8555755037, 157, 13.8255455043]"
154,Methodius,Adversus Porphyrium (Fragmenta),tlg2959.tlg006.opp-grc1,christian,3.5,1375,621,397,"[35, 17.7428571429, 58, 11.5593940947]"
155,Galen,In Hippocratis De natura hominis,tlg0057.tlg085.1st1K-grc1,pagan,2.5,27514,11740,7546,"[1048, 11.2022900763, 43, 6.772975776]"
157,Hippocrates,De habitu decenti,tlg0627.tlg050.1st1K-grc1,pagan,-3.5,1806,724,466,"[67, 10.8059701493, 42, 10.4442211487]"
159,Lucianus Samosatenus,Timon,tlg0062.tlg022.1st1K-grc1,pagan,1.5,6952,3053,1907,"[185, 16.5027027027, 74, 14.2840392214]"
160,Aristotle,Topica,tlg0086.tlg044.1st1K-grc1,pagan,-3.5,49998,20341,12461,"[1786, 11.389137738, 52, 6.4421166905]"
161,Plato,Crito,tlg0059.tlg003.perseus-grc2,pagan,-3.5,4966,1885,965,"[133, 14.1729323308, 136, 15.7449174414]"
162,Galen,In Hippocratis De fracturis,tlg0057.tlg100.1st1K-grc1,pagan,2.5,46359,19783,11968,"[1654, 11.9607013301, 50, 7.2071795785]"
163,Pindar (not sure what),Odes (Greek). Machine readable text - P.,tlg0033.tlg002.perseus-grc2,pagan,-4.5,8684,5238,3773,"[335, 15.6358208955, 68, 10.2752521339]"
164,Xenophon,Constitution of the Lacedaemonians,tlg0032.tlg010.perseus-grc2,pagan,-3.5,5535,2425,1348,"[183, 13.2513661202, 39, 7.1450380805]"
168,Hippocrates,De corde,tlg0627.tlg045.1st1K-grc1,pagan,-3.5,1203,526,367,"[34, 15.4705882353, 44, 9.8226487805]"
169,Hippocrates,De alimento,tlg0627.tlg046.1st1K-grc1,pagan,-3.5,1748,748,630,"[113, 6.6194690265, 40, 9.1374156259]"
170,Hippocrates,De diebus criticis,tlg0627.tlg053.1st1K-grc1,pagan,-3.5,1543,622,396,"[53, 11.7358490566, 34, 9.9567952399]"
171,Galen,Quod optimus medicus sit quoque philosophus,tlg0057.tlg003.1st1K-grc1,pagan,2.5,1633,674,416,"[46, 14.652173913, 57, 9.9699927855]"
172,Galen,De uteri dissectione,tlg0057.tlg016.1st1K-grc1,pagan,2.5,3754,1483,960,"[119, 12.4621848739, 45, 7.364221839]"
173,,In Jeremiam (Homiliae 1-11),tlg2042.tlg009.opp-grc1,christian,2.5,29951,11962,7006,"[1433, 8.3475226797, 85, 9.6010777231]"
175,Aristotle,De longitudine et brevitate vitae,tlg0086.tlg020.1st1K-grc1,pagan,-3.5,2048,806,580,"[76, 10.6052631579, 33, 6.2892534645]"
176,pseudo-Paul,New Testament - 1 Timothy Machine readable text,tlg0031.tlg015.perseus-grc2,christian,0.5,1905,939,625,"[61, 15.393442623, 45, 9.4526927181]"
177,Libanius,Orationes XIII-XXX,tlg2200.tlg00530.opp-grc1,pagan,3.5,6238,2621,1425,"[307, 8.5374592834, 57, 8.6969085859]"
178,Eusebius of Caesarea,CONSTANTINS REDE AN DIE HEILIGE VERSAMMLUNG,tlg2018.tlg021.opp-grc1,christian,3.5,13124,6140,4198,"[363, 16.914600551, 73, 13.4531482298]"
179,Pindar (not sure what),Odes (Greek). Machine readable text - N.,tlg0033.tlg003.perseus-grc2,pagan,-4.5,5770,3457,2509,"[203, 17.0295566502, 71, 11.3371577615]"
180,Lucianus Samosatenus,Lexiphanes,tlg0062.tlg046.1st1K-grc1,pagan,1.5,3390,1398,832,"[112, 12.4821428571, 51, 9.3665267832]"
182,Libanius,Orationes XXVI-L,tlg2200.tlg00447.opp-grc1,pagan,3.5,3909,1628,894,"[164, 9.9268292683, 53, 7.7156484763]"
183,Eusebius of Caesarea,HISTORIA ECCLESIASTICA.,tlg2018.tlg002.opp-grc2,christian,3.5,120101,50902,33675,"[3420, 14.883625731, 177, 15.4716273336]"
185,Libanius,Declamationes XXXI-LI,tlg2200.tlg00537.opp-grc1,pagan,3.5,3371,1586,955,"[85, 18.6588235294, 80, 17.6838596673]"
187,Hippocrates,De liquidorum usu,tlg0627.tlg022.1st1K-grc1,pagan,-3.5,1884,832,601,"[56, 14.8571428571, 54, 12.3077045722]"
188,Hippocrates,De virginum morbis,tlg0627.tlg037.1st1K-grc1,pagan,-3.5,528,220,151,"[12, 18.3333333333, 40, 12.9507614534]"
189,Galen,Ad Glauconem de methodo medendi,tlg0057.tlg067.1st1K-grc1,pagan,2.5,25560,10897,7121,"[973, 11.1993833505, 57, 6.9360105369]"
190,Galen,De instrumento odoratus,tlg0057.tlg015.1st1K-grc1,pagan,2.5,4783,1975,1275,"[144, 13.6388888889, 59, 8.4513403861]"
191,Galen,De purgantium medicamentorum facultate,tlg0057.tlg072.1st1K-grc1,pagan,2.5,3362,1444,891,"[116, 12.4482758621, 45, 7.651171679]"
192,Libanius,Orationes XXVI-L,tlg2200.tlg00440.opp-grc1,pagan,3.5,2821,1167,614,"[97, 12.0309278351, 68, 10.6794470765]"
193,Isocrates,Letters Machine readable text,tlg0010.tlg025.perseus-grc2,pagan,-3.5,737,313,154,"[21, 14.9047619048, 36, 8.4847468852]"
194,Lysias,Against Philon,tlg0540.tlg031.perseus-grc2,pagan,-4.5,2054,852,424,"[41, 20.7804878049, 58, 13.4264249734]"
196,Lucianus Samosatenus,Pseudologista,tlg0062.tlg049.1st1K-grc1,pagan,1.5,4530,1875,1142,"[117, 16.0256410256, 65, 11.399851205]"
199,Xenophon,Symposium,tlg0032.tlg004.perseus-grc2,pagan,-3.5,11161,4422,2288,"[419, 10.553699284, 84, 8.5663968256]"
201,Arrian,Indica,tlg0074.tlg002.perseus-grc1,pagan,1.5,15572,7089,4816,"[548, 12.9361313869, 50, 7.4199824648]"
202,Galen,De venae sectione adversus Erasistratum,tlg0057.tlg068.1st1K-grc1,pagan,2.5,6750,2911,1748,"[235, 12.3872340426, 59, 9.1236801324]"
203,Hippocrates,De superfoetatione,tlg0627.tlg038.1st1K-grc1,pagan,-3.5,4122,1889,1165,"[138, 13.6884057971, 66, 14.5581297197]"
204,Plato,Theages,tlg0059.tlg017.perseus-grc2,pagan,-3.5,4206,1625,870,"[146, 11.1301369863, 47, 8.4983992841]"
206,Lysias,Defense Against a Charge of Subverting the Democracy,tlg0540.tlg025.perseus-grc2,pagan,-4.5,2237,957,510,"[54, 17.7222222222, 43, 10.0377374363]"
207,Galen,De sophismatis seu captionibus penes dictionem,tlg0057.tlg082.1st1K-grc1,pagan,2.5,2933,1124,717,"[70, 16.0571428571, 86, 16.833542802]"
208,Libanius,Declamationes I-XII,tlg2200.tlg00501.opp-grc1,pagan,3.5,17392,7323,4033,"[552, 13.2663043478, 106, 13.7514065987]"
209,Eusebius of Caesarea,DIE THEOPHANIE,tlg2018.tlg010.opp-grc1,christian,3.5,9396,4098,2762,"[522, 7.8505747126, 102, 13.1487470688]"
210,Hesiod,Works and Days (Greek). Machine readable text,tlg0020.tlg002.perseus-grc2,pagan,-6.5,1461,795,558,"[52, 15.2884615385, 71, 16.0950739459]"
211,Aeschylus,Libation Bearers,tlg0085.tlg006.opp-grc3,pagan,-4.5,6652,3516,2286,"[357, 9.781512605, 52, 8.0043682022]"
212,Galen,De elementis ex Hippocrate,tlg0057.tlg008.1st1K-grc1,pagan,2.5,15820,6364,3977,"[538, 11.8289962825, 61, 8.3637414097]"
213,Eutropius,Breviarium historiae romanae,stoa0121.stoa001.opp-grc1,pagan,3.5,26143,13086,8941,"[960, 13.63125, 71, 8.5196746869]"
214,Libanius,Declamationes I-XII,tlg2200.tlg00506.opp-grc1,pagan,3.5,6365,2692,1521,"[200, 13.46, 67, 12.4405948411]"
215,Plutarch,Comparison of Pericles and Fabius Maximus,tlg0007.tlg014.perseus-grc2,pagan,1.5,784,400,264,"[20, 20.0, 59, 14.8694317309]"
216,Aeschylus,Suppliant Women,tlg0085.tlg001.opp-grc3,pagan,-4.5,6098,3449,2416,"[355, 9.7154929577, 59, 8.1417485731]"
218,Galen,De victu attenuante,tlg0057.tlg019.1st1K-grc1,pagan,2.5,7186,3068,2078,"[128, 23.96875, 51, 10.4297782065]"
219,Matthew,New Testament - Matthew Machine readable text,tlg0031.tlg001.perseus-grc2,christian,0.5,20624,9000,4959,"[736, 12.2282608696, 48, 7.5912610811]"
220,Hippocrates,De medico,tlg0627.tlg049.1st1K-grc1,pagan,-3.5,1778,794,473,"[53, 14.9811320755, 51, 13.6913284304]"
221,Pseudo-Justinus Martyr,Epistula ad Diognetum,tlg0646.tlg004.1st1K-grc1,christian,1.5,3059,1365,801,"[89, 15.3370786517, 78, 14.8452268425]"
223,Isocrates,Letters Machine readable text,tlg0010.tlg024.perseus-grc2,pagan,-3.5,1240,548,292,"[20, 27.4, 93, 22.7495054891]"
224,Ignatius Antiochenus,Ad Magnesios (epist. 2),tlg1443.tlg005.1st1K-grc1,christian,1.5,1221,532,343,"[40, 13.3, 37, 10.0179838291]"
225,Appian,Wars in Spain ,tlg0551.tlg007.perseus-grc2,pagan,1.5,18279,8383,5049,"[599, 13.9949916528, 67, 8.8420554661]"
226,Sophocles,Antigone Machine readable text,tlg0011.tlg002.perseus-grc2,pagan,-4.5,8718,4457,2794,"[430, 10.3651162791, 45, 7.5869650678]"
227,James,New Testament - James Machine readable text,tlg0031.tlg020.perseus-grc2,christian,0.5,2018,906,551,"[73, 12.4109589041, 37, 7.4610139537]"
228,Ignatius Antiochenus,Ad Smyrnaeos (epist. 6),tlg1443.tlg009.1st1K-grc1,christian,1.5,1339,560,353,"[59, 9.4915254237, 56, 8.4017207304]"
229,Theophilus,Ad Autolycum,tlg1725.tlg001.perseus-grc1,christian,1.5,25385,11129,7271,"[940, 11.8393617021, 96, 10.4504272343]"
230,Galen,De anatomicis administrationibus,tlg0057.tlg011.1st1K-grc1,pagan,2.5,89044,36999,23906,"[2618, 14.1325439267, 84, 8.4345094736]"
231,Galen,De sectis ad eos qui introducuntur,tlg0057.tlg004.1st1K-grc1,pagan,2.5,7342,2913,1779,"[240, 12.1375, 76, 8.8596610404]"
232,Hippocrates,De dentitione,tlg0627.tlg041.1st1K-grc1,pagan,-3.5,518,243,155,"[65, 3.7384615385, 16, 4.2072352445]"
234,Galen,De experientia medica,tlg0057.tlg107.1st1K-grc1,pagan,2.5,1191,430,220,"[48, 8.9583333333, 38, 9.4051367466]"
235,Ignatius Antiochenus,Ad Polycarpum (epist. 7),tlg1443.tlg010.1st1K-grc1,christian,1.5,941,420,263,"[58, 7.2413793103, 26, 4.7969471068]"
236,Isocrates,Busiris from Speeches Machine readable text,tlg0010.tlg010.perseus-grc2,pagan,-3.5,3031,1268,685,"[64, 19.8125, 57, 11.199714003]"
237,Lysias,On A Wound By Premeditation,tlg0540.tlg004.perseus-grc2,pagan,-4.5,1084,438,211,"[34, 12.8823529412, 40, 10.1366101361]"
238,Lucianus Samosatenus,Revivescentes sive piscator,tlg0062.tlg025.1st1K-grc1,pagan,1.5,7535,3194,1905,"[294, 10.8639455782, 67, 9.6423382264]"
239,Lucianus Samosatenus,De parasito sive artem esse parasiticam,tlg0062.tlg030.1st1K-grc1,pagan,1.5,7537,3162,1926,"[266, 11.8872180451, 55, 8.4627926347]"
241,Libanius,Orationes XXVI-L,tlg2200.tlg00431.opp-grc1,pagan,3.5,4372,1787,945,"[139, 12.8561151079, 47, 10.3573288625]"
242,Plato,Statesman,tlg0059.tlg008.perseus-grc2,pagan,-3.5,20726,8834,5724,"[746, 11.8418230563, 80, 11.8912259045]"
243,Libanius,Orationes LI-LXIV,tlg2200.tlg00464.opp-grc1,pagan,3.5,12174,5110,2960,"[393, 13.0025445293, 104, 12.7824821937]"
244,Galen,De simplicium medicamentorum temperamentis ac facultatibus I-VI,tlg0057.tlg075.1st1K-grc1,pagan,2.5,153110,64680,42051,"[7094, 9.1175641387, 79, 7.362229129]"
245,Galen,De dignoscendis pulsibus,tlg0057.tlg060.1st1K-grc1,pagan,2.5,35555,14513,9142,"[1068, 13.5889513109, 87, 9.4898205676]"
246,Pindar,Scholia in Pindarum Isthmian Odes,tlg5034.tlg001d.perseus-grc1,pagan,-4.5,21814,9120,6126,"[1485, 6.1414141414, 47, 6.8494293321]"
247,Lucianus Samosatenus,Prometheus Machine readable text,tlg0062.tlg020.perseus-grc1,pagan,1.5,2738,1135,655,"[71, 15.985915493, 69, 13.0356963409]"
248,Hippocrates,De fistulis,tlg0627.tlg030.1st1K-grc1,pagan,-3.5,1872,856,494,"[55, 15.5636363636, 90, 17.5724615509]"
249,Hippocrates,De affectionibus,tlg0627.tlg025.1st1K-grc1,pagan,-3.5,8792,3742,2361,"[234, 15.9914529915, 64, 13.7896255606]"
250,Longus,Daphnis & Chloe,tlg0561.tlg001.perseus-grc1,pagan,1.5,22635,10873,6561,"[778, 13.9755784062, 62, 8.3403297443]"
252,Libanius,Orationes XIII-XXX,tlg2200.tlg00513.opp-grc1,pagan,3.5,6747,2789,1619,"[250, 11.156, 112, 12.2854248604]"
253,Libanius,Declamationes XXXI-LI,tlg2200.tlg00546.opp-grc1,pagan,3.5,4116,1690,884,"[194, 8.706185567, 47, 8.563363758]"
254,Polybius,Histories,tlg0543.tlg001.perseus-grc2,pagan,-1.5,347948,151624,94833,"[10208, 14.8534482759, 131, 10.5030725773]"
255,Libanius,Orationes XXVI-L,tlg2200.tlg00436.opp-grc1,pagan,3.5,1628,615,297,"[61, 10.0819672131, 37, 7.7041506419]"
256,Libanius,Orationes LI-LXIV,tlg2200.tlg00463.opp-grc1,pagan,3.5,3827,1563,825,"[130, 12.0230769231, 66, 11.9108647136]"
261,Libanius,Orationes XIII-XXX,tlg2200.tlg00514.opp-grc1,pagan,3.5,3571,1477,784,"[114, 12.9561403509, 78, 12.4902701436]"
262,Eusebius of Caesarea,DEMONSTRATIO EVANGELICA.,tlg2018.tlg005.opp-grc1,christian,3.5,179857,77119,50600,"[4484, 17.198706512, 143, 15.5211285342]"
263,Libanius,Declamationes XXXI-LI,tlg2200.tlg00541.opp-grc1,pagan,3.5,4560,1848,949,"[138, 13.3913043478, 75, 11.7408211343]"
264,Isocrates,Nicocles or the Cyprians from Speeches Machine readable text,tlg0010.tlg014.perseus-grc2,pagan,-3.5,4166,1753,951,"[109, 16.0825688073, 58, 9.8475800971]"
266,Alexander of Aphrodisias,In Aristotelis Meteorologicorum Libros Commentaria,tlg0732.tlg008.opp-grc1,pagan,2.5,94593,38229,23466,"[2383, 16.0423835501, 88, 10.6081687157]"
267,Aristotle,De somno et vigilia,tlg0086.tlg042.1st1K-grc1,pagan,-3.5,3400,1391,890,"[112, 12.4196428571, 60, 8.8646956205]"
268,,In Jeremiam (Homiliae 12-20),tlg2042.tlg021.opp-grc1,christian,2.5,39063,15085,8464,"[2689, 5.6098921532, 81, 8.0899502612]"
269,Sextus Empiricus,Pyrrhoniae hypotyposes,tlg0544.tlg001.opp-grc1,pagan,1.5,60733,24660,13883,"[2190, 11.2602739726, 95, 9.8314480935]"
270,Lucianus Samosatenus,Philopseudes sive incredulus,tlg0062.tlg031.1st1K-grc1,pagan,1.5,7544,3093,1780,"[192, 16.109375, 73, 9.9101965391]"
271,Lucianus Samosatenus,Vitarum auctio,tlg0062.tlg024.1st1K-grc1,pagan,1.5,4351,1999,1307,"[243, 8.2263374486, 55, 6.8182010831]"
274,Hippocrates,De genitura,tlg0627.tlg024a.1st1K-grc1,pagan,-3.5,2257,945,592,"[63, 15.0, 55, 13.3023449419]"
276,Sophocles,Philoctetes Machine readable text,tlg0011.tlg006.perseus-grc2,pagan,-4.5,10749,4854,2820,"[489, 9.9263803681, 68, 8.1307502469]"
277,Appian,Italy ,tlg0551.tlg003.perseus-grc2,pagan,1.5,1237,575,336,"[43, 13.3720930233, 34, 7.4864940589]"
278,Polycarp,Epistula ad Philippenses,tlg1622.tlg001.1st1K-grc1,christian,1.5,1871,912,601,"[55, 16.5818181818, 57, 13.5441244008]"
279,Galen,Adversus Lycum,tlg0057.tlg093.1st1K-grc1,pagan,2.5,8376,3616,2358,"[273, 13.2454212454, 51, 9.1888124318]"
281,Hippocrates,De anatomia,tlg0627.tlg040.1st1K-grc1,pagan,-3.5,296,158,108,"[17, 9.2941176471, 20, 5.5916398298]"
282,Hippocrates,"Epistulae, Decretum, Orationes",tlg0627.tlg055.1st1K-grc1,pagan,-3.5,13987,6436,4105,"[419, 15.3603818616, 95, 13.2028945928]"
283,John ,New Testament - 2 John Machine readable text,tlg0031.tlg024.perseus-grc2,christian,0.5,280,118,72,"[10, 11.8, 28, 6.2896740774]"
284,Galen,De naturalibus facultatibus,tlg0057.tlg010.1st1K-grc1,pagan,2.5,36729,14802,9425,"[1099, 13.4686078253, 64, 9.0693249034]"
285,Ignatius Antiochenus,Ad Philadelphios (epist. 5),tlg1443.tlg008.1st1K-grc1,christian,1.5,1180,522,358,"[44, 11.8636363636, 45, 8.139664135]"
287,Libanius,Orationes XXVI-L,tlg2200.tlg00441.opp-grc1,pagan,3.5,2028,774,419,"[74, 10.4594594595, 41, 8.1426292141]"
290,Porphyry,Zetemata codicis Vaticani,tlg2034.tlg015.1st1K-grc1,pagan,2.5,15615,5899,3364,"[614, 9.6074918567, 48, 8.7692464491]"
291,Galen,"Quos quibus catharticis medicamentis et quando purgare
                    oporteat (ap. Oribasium)",tlg0057.tlg073.1st1K-grc2,pagan,2.5,2287,988,588,"[60, 16.4666666667, 53, 11.3423493549]"
292,Aristotle,Meteorologica,tlg0086.tlg026.1st1K-grc1,pagan,-3.5,38331,15741,10441,"[1164, 13.5231958763, 65, 8.8969073409]"
295,Libanius,Declamationes XXXI-LI,tlg2200.tlg00536.opp-grc1,pagan,3.5,4486,1935,1050,"[185, 10.4594594595, 47, 9.1338236705]"
296,Libanius,Orationes XXVI-L,tlg2200.tlg00446.opp-grc1,pagan,3.5,4474,1885,1020,"[187, 10.0802139037, 63, 8.4073423448]"
299,Hippocrates,De diaeta,tlg0627.tlg031.1st1K-grc1,pagan,-3.5,23344,10263,6563,"[678, 15.1371681416, 118, 14.2555812888]"
300,Galen,De causis pulsuum,tlg0057.tlg061.1st1K-grc1,pagan,2.5,36147,14710,9877,"[1313, 11.2033511043, 56, 7.0109643896]"
301,Lucianus Samosatenus,Somnium sive vita Luciani,tlg0062.tlg029.1st1K-grc1,pagan,1.5,2100,910,551,"[54, 16.8518518519, 69, 11.0962245955]"
302,Galen,Pro puero epileptico consilium,tlg0057.tlg074.1st1K-grc1,pagan,2.5,3616,1511,965,"[133, 11.3609022556, 43, 6.7693896904]"
304,Eusebius of Caesarea,ÜBER DAS LEBEN CONSTANTINS,tlg2018.tlg020.opp-grc1,christian,3.5,43674,21123,14404,"[1609, 13.1280298322, 104, 13.1934882769]"
305,Libanius,Declamationes XXXI-LI,tlg2200.tlg00531.opp-grc1,pagan,3.5,4858,2017,1062,"[180, 11.2055555556, 103, 12.0456064938]"
306,Plato,Alcibiades 1,tlg0059.tlg013.perseus-grc2,pagan,-3.5,13169,4963,2842,"[643, 7.7185069984, 46, 7.0490449996]"
308,Hippocrates,De exsectione foetus,tlg0627.tlg039.1st1K-grc1,pagan,-3.5,569,242,137,"[16, 15.125, 55, 17.0142403592]"
309,Galen,De venae sectione adversus Erasistrateos Romae degentes,tlg0057.tlg069.1st1K-grc1,pagan,2.5,10128,4348,2511,"[363, 11.9779614325, 104, 9.0352574915]"
310,Polyaenus,Strategemata,tlg0616.tlg001.1st1K-grc1,pagan,1.5,74049,37752,22562,"[3370, 11.2023738872, 70, 7.8932789088]"
312,Hippocrates,De haemorrhoidibus,tlg0627.tlg029.1st1K-grc1,pagan,-3.5,1101,489,298,"[38, 12.8684210526, 46, 11.6983378321]"
314,Lucianus Samosatenus,De astrologia,tlg0062.tlg048.1st1K-grc1,pagan,1.5,2262,1004,667,"[68, 14.7647058824, 56, 10.0967636735]"
317,Libanius,Orationes XIII-XXX,tlg2200.tlg00524.opp-grc1,pagan,3.5,2727,1249,674,"[103, 12.1262135922, 40, 9.7628974806]"
318,Luke,New Testament - Acts Machine readable text,tlg0031.tlg005.perseus-grc2,christian,0.5,20424,9483,5532,"[661, 14.3464447806, 59, 8.8322459802]"
319,Methodius,Fragmenta In Job (In Catenis),tlg2959.tlg007.opp-grc1,christian,3.5,2013,746,435,"[112, 6.6607142857, 34, 6.4801256208]"
320,Hippocrates,De natura ossium,tlg0627.tlg048.1st1K-grc1,pagan,-3.5,3823,1455,1026,"[112, 12.9910714286, 45, 10.2543505886]"
321,Galen,De motu musculorum,tlg0057.tlg018.1st1K-grc1,pagan,2.5,16979,6797,4091,"[557, 12.2028725314, 68, 7.9120020418]"
322,Plutarch,Themistocles,tlg0007.tlg010.perseus-grc2,pagan,1.5,8867,4239,2546,"[226, 18.7566371681, 84, 11.2626752674]"
323,Galen,De theriaca ad Pisonem,tlg0057.tlg079.1st1K-grc1,pagan,2.5,14783,6303,3812,"[541, 11.6506469501, 75, 9.7555114783]"
324,Libanius,Orationes LI-LXIV,tlg2200.tlg00453.opp-grc1,pagan,3.5,3062,1215,675,"[119, 10.2100840336, 39, 7.4211529938]"
325,Libanius,Orationes I-V,tlg2200.tlg00406.opp-grc1,pagan,3.5,1177,440,235,"[42, 10.4761904762, 40, 7.5505852666]"
327,Clement of Alexandria,Stromata,tlg0555.tlg004b.opp-grc1,christian,2.5,33021,13834,8782,"[1444, 9.58033241, 71, 7.5929002339]"
328,Libanius,Orationes XIII-XXX,tlg2200.tlg00523.opp-grc1,pagan,3.5,9671,4015,2237,"[450, 8.9222222222, 79, 8.9534943865]"
330,Pausanias,Description of Greece (Greek). Machine readable text,tlg0525.tlg001.perseus-grc2,pagan,1.5,241424,115363,78632,"[6974, 16.5418698021, 81, 8.2769254894]"
333,Lysias,Defense Against A Charge Of Taking Bribes,tlg0540.tlg021.perseus-grc2,pagan,-4.5,1475,640,347,"[41, 15.6097560976, 37, 8.7202541045]"
334,Lysias,Against Nicomachus,tlg0540.tlg030.perseus-grc2,pagan,-4.5,2138,930,480,"[61, 15.2459016393, 66, 11.4041346222]"
335,Gregory of Nazianzus,THE FIVE THEOLOGICAL ORATIONS OF GREGORY OF NAZIANZUS,tlg2022.tlg007.opp-grc1,christian,3.5,2516,993,693,"[58, 17.1206896552, 99, 21.0754617786]"
337,Libanius,Orationes LI-LXIV,tlg2200.tlg00454.opp-grc1,pagan,3.5,6869,2694,1364,"[310, 8.6903225806, 49, 8.2595537972]"
338,Libanius,Orationes I-V,tlg2200.tlg00401.opp-grc1,pagan,3.5,25920,10801,5982,"[775, 13.9367741935, 82, 11.4088761107]"
339,Galen,De praenotione ad Epigenem,tlg0057.tlg083.1st1K-grc1,pagan,2.5,12528,5507,3043,"[347, 15.8703170029, 73, 10.7921366754]"
340,Galen,De usu partium corporis humani I-XI,tlg0057.tlg017.1st1K-grc1,pagan,2.5,220697,90179,59250,"[5994, 15.0448782115, 107, 9.2404838168]"
341,Galen,De optima doctrina,tlg0057.tlg002.1st1K-grc1,pagan,2.5,2145,878,484,"[76, 11.5526315789, 30, 6.8851379546]"
343,Hippocrates,De crisibus,tlg0627.tlg052.1st1K-grc1,pagan,-3.5,2477,1120,761,"[145, 7.724137931, 41, 8.8430629415]"
344,Hippocrates,De visu,tlg0627.tlg047.1st1K-grc1,pagan,-3.5,965,445,266,"[56, 7.9464285714, 36, 7.450838023]"
346,Plutarch,Comparison of Timoleon and Aemilius,tlg0007.tlg020.perseus-grc2,pagan,1.5,531,267,174,"[12, 22.25, 65, 20.199525572]"
347,Xenophon,On Hunting,tlg0032.tlg014.perseus-grc2,pagan,-3.5,10635,4395,2609,"[306, 14.362745098, 82, 9.6924496074]"
349,Gorgias of Leontini,Encomium of Helen ΕΛΕΝΗΣ ΕΓΚΩΜΙΟΝ,tlg0593.1st1K001.1st1K-grc1,pagan,-4.5,1502,714,455,"[59, 12.1016949153, 42, 10.9678960102]"
353,Galen,In Hippocratis De officina medici,tlg0057.tlg101.1st1K-grc1,pagan,2.5,46201,19454,11564,"[1643, 11.8405356056, 70, 7.6874513524]"
354,Galen,De causis respirationis,tlg0057.tlg114.1st1K-grc1,pagan,2.5,775,309,214,"[26, 11.8846153846, 40, 8.9284632284]"
355,Lucianus Samosatenus,Charon sive contemplantes,tlg0062.tlg023.1st1K-grc1,pagan,1.5,4927,2127,1320,"[161, 13.2111801242, 55, 9.3273190798]"
356,Plato,Sophist,tlg0059.tlg007.perseus-grc2,pagan,-3.5,19853,8151,4901,"[913, 8.9277108434, 71, 8.5099792535]"
357,Libanius,Orationes XIII-XXX,tlg2200.tlg00518.opp-grc1,pagan,3.5,3151,1428,873,"[167, 8.5508982036, 48, 7.6999562038]"
358,Galen,In Hippocratis Prognosticum,tlg0057.tlg099.1st1K-grc1,pagan,2.5,47647,20371,12762,"[1808, 11.2671460177, 50, 6.6113659371]"
360,Libanius,Declamationes XXXI-LI,tlg2200.tlg00540.opp-grc1,pagan,3.5,8170,3280,1935,"[226, 14.5132743363, 91, 14.7009210742]"
361,Libanius,Orationes XIII-XXX,tlg2200.tlg00515.opp-grc1,pagan,3.5,6392,2624,1580,"[242, 10.8429752066, 103, 12.1845371894]"
362,Galen,Quos quibus catharticis medicamentis et quando purgare oporteat,tlg0057.tlg073.1st1K-grc1,pagan,2.5,2260,969,592,"[87, 11.1379310345, 46, 5.9888256362]"
363,Galen,De methodo medendi,tlg0057.tlg066.1st1K-grc1,pagan,2.5,177411,74823,46871,"[5286, 14.1549375709, 141, 9.3015251672]"
364,Hippocrates,De muliebribus,tlg0627.tlg036.1st1K-grc1,pagan,-3.5,58827,27459,17120,"[1554, 17.6698841699, 149, 17.2839792838]"
365,Hippocrates,De morbis I,tlg0627.tlg023.1st1K-grc1,pagan,-3.5,41649,17577,10667,"[916, 19.1888646288, 132, 17.2652794939]"
366,Isocrates,Speeches Machine readable text,tlg0010.tlg021.perseus-grc2,pagan,-3.5,17496,7453,3980,"[274, 27.200729927, 139, 21.5663938231]"
367,Libanius,Orationes LI-LXIV,tlg2200.tlg00462.opp-grc1,pagan,3.5,6166,2608,1464,"[208, 12.5384615385, 73, 12.030348704]"
368,Eusebius of Caesarea,Über die kirchliche Theologie,tlg2018.tlg009.opp-grc1,christian,3.5,17806,7388,4536,"[391, 18.895140665, 129, 14.2822033274]"
369,Libanius,Orationes XXVI-L,tlg2200.tlg00437.opp-grc1,pagan,3.5,2073,831,434,"[77, 10.7922077922, 76, 11.4702751497]"
370,pseudo-Galen,De fasciis,tlg0530.tlg005.1st1K-grc1,pagan,2.5,9073,3962,2779,"[319, 12.4200626959, 58, 9.6752457947]"
371,Plutarch,Lycurgus,tlg0007.tlg004.perseus-grc2,pagan,1.5,10530,4964,2997,"[262, 18.9465648855, 107, 13.3932379983]"
372,Libanius,Declamationes XXXI-LI,tlg2200.tlg00547.opp-grc1,pagan,3.5,5073,2061,1054,"[174, 11.8448275862, 76, 11.7436239352]"
373,Libanius,Declamationes I-XII,tlg2200.tlg00512.opp-grc1,pagan,3.5,4937,2216,1445,"[207, 10.7053140097, 78, 10.6256057866]"
374,Eusebius of Caesarea,LIBER DE MARTYRIBUS PALAESTINAE.,tlg2018.tlg003.opp-grc1,christian,3.5,8867,4103,2843,"[182, 22.543956044, 98, 17.9647316804]"
375,Aristotle,Ars Poetica,tlg0086.tlg034.1st1K-grc1,pagan,-3.5,11706,4918,3201,"[414, 11.8792270531, 44, 7.1674184561]"
376,Lucianus Samosatenus,Eunuchus,tlg0062.tlg047.1st1K-grc1,pagan,1.5,1509,645,394,"[39, 16.5384615385, 43, 10.8907068214]"
377,Lucianus Samosatenus,Abdicatus,tlg0062.tlg052.1st1K-grc1,pagan,1.5,5444,2315,1281,"[141, 16.3617021277, 53, 10.2329440144]"
378,Libanius,Orationes XXVI-L,tlg2200.tlg00430.opp-grc1,pagan,3.5,5820,2327,1277,"[191, 12.1832460733, 64, 10.5767170917]"
379,Appian,Illyrian Wars ,tlg0551.tlg012.perseus-grc2,pagan,1.5,5500,2546,1623,"[185, 13.7621621622, 42, 7.7066258383]"
380,Paul of Tarsus,New Testament - Philippians Machine readable text,tlg0031.tlg011.perseus-grc2,christian,0.5,1876,767,511,"[53, 14.4716981132, 49, 11.2192620307]"
382,Appian,Hannibalic War ,tlg0551.tlg008.perseus-grc2,pagan,1.5,11025,5029,3004,"[333, 15.1021021021, 53, 9.2937591719]"
384,Appian,The Civil Wars,tlg0551.tlg017.perseus-grc2,pagan,1.5,131668,59351,36035,"[3646, 16.2783872737, 90, 9.8483347554]"
386,Apollodorus,Library  Machine readable text,tlg0548.tlg001.perseus-grc2,pagan,1.5,31278,16260,10190,"[1379, 11.7911530094, 107, 7.4565141091]"
387,Aristophanes,Lysistrata Machine readable text,tlg0019.tlg007.perseus-grc2,pagan,-3.5,9600,4062,2338,"[635, 6.3968503937, 54, 5.7430538257]"
389,Euripides,Heracles Machine readable text,tlg0006.tlg009.perseus-grc2,pagan,-4.5,9580,4943,3185,"[448, 11.0334821429, 75, 9.0502685645]"
390,Aeschylus,Persians Machine readable text,tlg0085.tlg002.perseus-grc2,pagan,-4.5,6327,3623,2645,"[308, 11.762987013, 75, 9.5076350133]"
393,Chariton,De Chaerea et Callirhoe,tlg0554.tlg001.perseus-grc1,pagan,0.5,41605,18982,11236,"[1768, 10.7364253394, 68, 7.2893950044]"
394,Lysias,Against Alcibiades 1,tlg0540.tlg014.perseus-grc2,pagan,-4.5,2748,1170,589,"[65, 18.0, 50, 12.2222999221]"
395,Aeschylus,Eumenides Machine readable text,tlg0085.tlg007.perseus-grc2,pagan,-4.5,10,0,0,"[2, 0.0, 0, 0.0]"
396,Galen,De substantia facultatum naturalium fragmentum,tlg0057.tlg084.1st1K-grc1,pagan,2.5,1590,669,398,"[43, 15.5581395349, 41, 9.6600407471]"
397,Pindar,Scholia in Pindarum Olympian Odes,tlg5034.tlg001a.perseus-grc1,pagan,-4.5,90436,35832,24116,"[8334, 4.2994960403, 57, 5.3796635288]"
398,Plato,Charmides ,tlg0059.tlg018.perseus-grc2,pagan,-3.5,9951,3607,1745,"[355, 10.1605633803, 59, 8.5947655028]"
400,Anonymus,Didache XII Apostolorum,tlg1311.tlg001.1st1K-grc1,christian,1.5,2605,1089,672,"[104, 10.4711538462, 46, 6.87939612]"
401,Lysias,Against Theomnestus 2,tlg0540.tlg011.perseus-grc2,pagan,-4.5,638,261,134,"[25, 10.44, 29, 6.1193463703]"
402,Libanius,Declamationes I-XII,tlg2200.tlg00507.opp-grc1,pagan,3.5,2244,913,472,"[100, 9.13, 43, 8.3013914496]"
404,Harpocration,Lexicon in decem oratores Atticos,tlg1389.tlg001.perseus-grc2,pagan,1.5,44398,20432,14450,"[2766, 7.3868402025, 40, 4.8741975991]"
405,Eusebius of Caesarea,Onomastikon,tlg2018.tlg011.opp-grc1,christian,3.5,25309,8602,6593,"[2802, 3.0699500357, 64, 3.4996833645]"
406,Ignatius Antiochenus,Ad Romanos (epist. 4),tlg1443.tlg007.1st1K-grc1,christian,1.5,1225,542,304,"[70, 7.7428571429, 57, 7.3653352446]"
407,Aeschylus,Eumenides,tlg0085.tlg007.opp-grc3,pagan,-4.5,6395,3431,2315,"[343, 10.0029154519, 37, 6.9317785728]"
408,Methodius,Fragmenta Incerta [Sp.],tlg2959.tlg010.opp-grc1,christian,3.5,163,80,62,"[7, 11.4285714286, 43, 13.0477928386]"
409,Plato,Alcibiades 2,tlg0059.tlg014.perseus-grc2,pagan,-3.5,5040,2038,1091,"[178, 11.4494382022, 83, 11.5962132874]"
410,Eusebius of Caesarea,TRICENNASTREDE AN CONSTANTIN,tlg2018.tlg022.opp-grc1,christian,3.5,21799,10811,7956,"[368, 29.3777173913, 172, 23.2844238664]"
411,Libanius,Declamationes XXXI-LI,tlg2200.tlg00533.opp-grc1,pagan,3.5,4708,1985,1118,"[260, 7.6346153846, 39, 6.8428200612]"
412,Isocrates,Τραπεζιτικός from Speeches Machine readable text,tlg0010.tlg005.perseus-grc2,pagan,-3.5,3822,1645,829,"[106, 15.5188679245, 46, 10.0903756985]"
413,Libanius,Orationes I-V,tlg2200.tlg00411.opp-grc1,pagan,3.5,17527,7524,4704,"[525, 14.3314285714, 62, 10.8838308582]"
414,Libanius,Orationes XXVI-L,tlg2200.tlg00444.opp-grc1,pagan,3.5,450,201,113,"[27, 7.4444444444, 21, 5.5064496415]"
416,Lucianus Samosatenus,Juppiter confutatus,tlg0062.tlg017.1st1K-grc1,pagan,1.5,2681,1086,649,"[73, 14.8767123288, 61, 11.2541562557]"
418,pseudo-Aristotle,De mundo,stoa0033a.tlg028.1st1K-grc1,pagan,-2.5,7303,3299,2313,"[187, 17.6417112299, 76, 11.6813747846]"
419,Galen,An in arteriis sanguis contineatur,tlg0057.tlg023.1st1K-grc1,pagan,2.5,5452,2182,1250,"[179, 12.1899441341, 53, 8.4481798309]"
420,Galen,De sanitate tuenda,tlg0057.tlg036.1st1K-grc1,pagan,2.5,77007,31847,20530,"[2323, 13.7094274645, 75, 8.2783283591]"
421,Theophrastus,Characters,tlg0093.tlg009.perseus-grc1,pagan,-3.5,7746,3502,1786,"[280, 12.5071428571, 66, 8.8958227987]"
422,Libanius,Declamationes XXXI-LI,tlg2200.tlg00534.opp-grc1,pagan,3.5,14003,5729,3135,"[552, 10.3786231884, 97, 11.3058491141]"
423,Galen,Synopsis librorum suorum de pulsibus,tlg0057.tlg063.1st1K-grc1,pagan,2.5,17681,7536,5214,"[574, 13.1289198606, 112, 8.9746507051]"
424,Xenophon,Cyropaedia,tlg0032.tlg007.perseus-grc2,pagan,-3.5,91000,37727,19031,"[2656, 14.2044427711, 125, 10.3538303323]"
425,Libanius,Orationes XXVI-L,tlg2200.tlg00443.opp-grc1,pagan,3.5,2409,989,500,"[102, 9.6960784314, 71, 9.7606545261]"
428,Mark,New Testament - Mark Machine readable text,tlg0031.tlg002.perseus-grc2,christian,0.5,12746,5489,2847,"[493, 11.1338742394, 46, 7.3350922763]"
431,Plutarch,Comparison of Alcibiades and Coriolanus,tlg0007.tlg017.perseus-grc2,pagan,1.5,1183,556,314,"[25, 22.24, 66, 14.5334923539]"
432,Galen,De totius morbi temporibus,tlg0057.tlg047.1st1K-grc1,pagan,2.5,4070,1625,1074,"[94, 17.2872340426, 60, 10.7640282941]"
433,Galen,De comate secundum Hippocratem,tlg0057.tlg052.1st1K-grc1,pagan,2.5,3903,1603,927,"[146, 10.9794520548, 44, 7.1753661336]"
434,Galen,De compositione medicamentorum secundum locos I-VI,tlg0057.tlg076.1st1K-grc1,pagan,2.5,173249,82284,56930,"[16427, 5.0090704328, 66, 5.91299537]"
435,Hippocrates,"De aere, aquis, locis",tlg0627.tlg002.1st1K-grc1,pagan,-3.5,8654,3721,2558,"[238, 15.6344537815, 99, 13.2882075539]"
436,Hippocrates,Coa praesagia,tlg0627.tlg017.1st1K-grc1,pagan,-3.5,16519,7180,5145,"[1336, 5.374251497, 63, 7.6869355229]"
438,Lucianus Samosatenus,Dialogi Marini,tlg0062.tlg067.perseus-grc1,pagan,1.5,4847,2100,1232,"[150, 14.0, 75, 11.0610427477]"
439,Hesiod,Theogony (Greek). Machine readable text,tlg0020.tlg001.perseus-grc2,pagan,-6.5,8073,4697,3585,"[259, 18.1351351351, 103, 12.7479683097]"
441,Lysias,On the Scrutiny of Evandros,tlg0540.tlg026.perseus-grc2,pagan,-4.5,1566,632,325,"[35, 18.0571428571, 79, 15.2201799448]"
442,Lysias,On the Confiscation of the Property Of The Brother Of Nicias,tlg0540.tlg018.perseus-grc2,pagan,-4.5,1515,650,357,"[27, 24.0740740741, 63, 13.305320367]"
443,Lysias,Defense in the Matter of the Olive Stump,tlg0540.tlg007.perseus-grc2,pagan,-4.5,2321,981,500,"[58, 16.9137931034, 56, 10.4292104418]"
444,Isocrates,To Nicocles from Speeches Machine readable text,tlg0010.tlg013.perseus-grc2,pagan,-3.5,3366,1412,768,"[94, 15.0212765957, 60, 9.31137342]"
445,Sophocles,Ichneutae,tlg0011.tlg008.perseus-grc2,pagan,-4.5,3288,1041,621,"[99, 10.5151515152, 77, 10.8519547523]"
446,,Fragmenta In Lucam,tlg2042.tlg017.opp-grc1,christian,2.5,17427,7318,4497,"[553, 13.2332730561, 64, 11.0126433812]"
447,Libanius,Orationes I-V,tlg2200.tlg00403.opp-grc1,pagan,3.5,2316,859,449,"[79, 10.8734177215, 49, 9.6618355158]"
448,Libanius,Orationes LI-LXIV,tlg2200.tlg00456.opp-grc1,pagan,3.5,2616,1047,548,"[82, 12.7682926829, 67, 13.220732776]"
449,Libanius,Orationes XIII-XXX,tlg2200.tlg00521.opp-grc1,pagan,3.5,3509,1443,814,"[120, 12.025, 47, 10.6500880278]"
450,Methodius,De Libero Arbitrio,tlg2959.tlg002.opp-grc1,christian,3.5,12662,3597,1978,"[519, 6.9306358382, 100, 8.8995142742]"
451,Apollonius Dyscolus,De constructione,tlg0082.tlg004.1st1K-grc1,pagan,1.5,71097,28879,16818,"[2359, 12.2420517168, 65, 8.9205144463]"
452,Aristotle,De divinatione per somnum,tlg0086.tlg008.1st1K-grc1,pagan,-3.5,1350,575,350,"[41, 14.0243902439, 45, 9.1691098722]"
453,Libanius,Orationes I-V,tlg2200.tlg00404.opp-grc1,pagan,3.5,2760,1100,593,"[88, 12.5, 72, 11.5561868514]"
454,Libanius,Orationes LI-LXIV,tlg2200.tlg00451.opp-grc1,pagan,3.5,3318,1281,678,"[176, 7.2784090909, 40, 6.1206422135]"
455,Plutarch,Publicola,tlg0007.tlg008.perseus-grc2,pagan,1.5,6531,3214,1893,"[168, 19.130952381, 71, 13.4772999291]"
456,John,New Testament - 1 John Machine readable text,tlg0031.tlg023.perseus-grc2,christian,0.5,2445,969,552,"[92, 10.5326086957, 34, 5.7529785989]"
457,Hippocrates,De locis in homine,tlg0627.tlg026.1st1K-grc1,pagan,-3.5,10051,4175,2421,"[221, 18.8914027149, 80, 16.5545025611]"
458,Libanius,Orationes XIII-XXX,tlg2200.tlg00526.opp-grc1,pagan,3.5,4664,1928,1061,"[235, 8.2042553191, 49, 8.9751893821]"
459,Appian,Samnite History ,tlg0551.tlg004.perseus-grc2,pagan,1.5,3915,1782,1058,"[140, 12.7285714286, 44, 7.9091654401]"
460,Sophocles,Trachiniae Machine readable text,tlg0011.tlg001.perseus-grc2,pagan,-4.5,8778,4339,2642,"[364, 11.9203296703, 53, 8.4357118879]"
461,Methodius,"De Creatis (Fragmenta Ap. Photium, Bibl. Cod. 235)",tlg2959.tlg005.opp-grc1,christian,3.5,2175,932,595,"[76, 12.2631578947, 71, 11.9289215345]"
463,Plotinus,Enneades,tlg2000.tlg001.opp-grc2,pagan,2.5,244040,94931,56846,"[6445, 14.7294026377, 117, 11.3118025938]"
468,Hippocrates,De natura muliebri,tlg0627.tlg033.1st1K-grc1,pagan,-3.5,14743,7404,4572,"[570, 12.9894736842, 113, 12.749952655]"
469,Libanius,Orationes XXVI-L,tlg2200.tlg00432.opp-grc1,pagan,3.5,2840,1135,569,"[96, 11.8229166667, 42, 9.0311899268]"
470,Appian,Numidian Affairs ,tlg0551.tlg010.perseus-grc2,pagan,1.5,409,203,130,"[15, 13.5333333333, 25, 5.6198062442]"
472,Paul of Tarsus,New Testament - Galatians Machine readable text,tlg0031.tlg009.perseus-grc2,christian,0.5,2620,1086,667,"[92, 11.8043478261, 44, 7.9457934324]"
473,Libanius,Declamationes I-XII,tlg2200.tlg00510.opp-grc1,pagan,3.5,4352,1815,999,"[157, 11.5605095541, 69, 11.3946783755]"
474,Eusebius of Caesarea,Preperatio Evangelica,tlg2018.tlg001.opp-grc1,christian,3.5,264129,115678,74810,"[7335, 15.7706884799, 190, 13.471666336]"
475,Libanius,Declamationes XXXI-LI,tlg2200.tlg00545.opp-grc1,pagan,3.5,2819,1194,656,"[121, 9.867768595, 41, 7.8508220855]"
476,Galen,De usu pulsuum,tlg0057.tlg031.1st1K-grc1,pagan,2.5,5103,2013,1313,"[159, 12.6603773585, 47, 7.3790713642]"
477,Galen,De optima corporis nostri constitutione,tlg0057.tlg024.1st1K-grc1,pagan,2.5,2019,820,593,"[70, 11.7142857143, 37, 7.1696639832]"
478,Libanius,Orationes XXVI-L,tlg2200.tlg00435.opp-grc1,pagan,3.5,3016,1137,569,"[114, 9.9736842105, 38, 8.3324145385]"
480,Libanius,Orationes LI-LXIV,tlg2200.tlg00460.opp-grc1,pagan,3.5,1068,421,287,"[66, 6.3787878788, 49, 10.2303250215]"
481,Gregory of Nazianzus,THE FIVE THEOLOGICAL ORATIONS OF GREGORY OF NAZIANZUS,tlg2022.tlg008.opp-grc1,christian,3.5,8720,3430,2261,"[161, 21.3043478261, 114, 21.1137244459]"
483,Demosthenes,Third Olynthiac ,tlg0014.tlg003.perseus-grc1,pagan,-3.5,2744,1132,584,"[72, 15.7222222222, 53, 9.6626747824]"
484,Isocrates,Letters Machine readable text,tlg0010.tlg026.perseus-grc3,pagan,-3.5,862,357,195,"[21, 17.0, 56, 13.7459950877]"
485,Isocrates,To Demonicus from Speeches Machine readable text,tlg0010.tlg007.perseus-grc2,pagan,-3.5,3302,1414,801,"[120, 11.7833333333, 36, 6.5436780347]"
486,Lysias,Against Agoratus,tlg0540.tlg013.perseus-grc2,pagan,-4.5,5566,2406,1351,"[177, 13.593220339, 83, 9.7467108357]"
487,Libanius,Orationes XIII-XXX,tlg2200.tlg00517.opp-grc1,pagan,3.5,7712,3296,1854,"[275, 11.9854545455, 67, 11.5327110773]"
488,Libanius,Declamationes XXXI-LI,tlg2200.tlg00542.opp-grc1,pagan,3.5,5261,2165,1135,"[178, 12.1629213483, 78, 11.5749330284]"
490,,Fragmenta In Jeremiam,tlg2042.tlg010.opp-grc1,christian,2.5,10360,4226,2625,"[544, 7.7683823529, 45, 7.2895493507]"
491,,Fragmenta In Jeremiam (E Philocalia),tlg2042.tlg084.opp-grc1,christian,2.5,866,380,244,"[26, 14.6153846154, 45, 12.316583327]"
493,Hippocrates,De articulis,tlg0627.tlg010.1st1K-grc1,pagan,-3.5,25210,9843,6116,"[607, 16.215815486, 90, 13.3115455809]"
494,Hippocrates,De diaeta acutorum (spurium),tlg0627.tlg005.1st1K-grc1,pagan,-3.5,6490,2987,1889,"[162, 18.4382716049, 97, 17.5745120432]"
495,Galen,De inaequali intemperie,tlg0057.tlg055.1st1K-grc1,pagan,2.5,3599,1426,947,"[115, 12.4, 52, 8.4583891981]"
496,Galen,De dignotione ex insomniis,tlg0057.tlg040.1st1K-grc1,pagan,2.5,568,247,144,"[15, 16.4666666667, 41, 10.6512388429]"
498,Euclid,Elements Machine readable text,tlg1799.tlg001.perseus-grc2,pagan,-3.5,176355,62300,41552,"[6047, 10.302629403, 62, 7.0518900304]"
502,,Commentarium In Evangelium Matthaei (Lib. 10-11),tlg2042.tlg029.opp-grc1,christian,2.5,25785,10584,6304,"[588, 18.0, 90, 12.1244959219]"
503,Polyaenus,Polyaeni Strategematon Libri Octo,tlg0661.tlg001.1st1K-grc1,pagan,1.5,74386,37505,22329,"[3705, 10.1228070175, 70, 8.1109233556]"
504,Plutarch,Machine readable text Alexander,tlg0007.tlg047.perseus-grc2,pagan,1.5,22583,10797,6410,"[519, 20.8034682081, 77, 14.1629624823]"
505,,Epistula ad Africanum,tlg2042.tlg045.1st1K-grc1,christian,2.5,5734,2161,1313,"[141, 15.3262411348, 87, 12.890425527]"
508,Libanius,Declamationes I-XII,tlg2200.tlg00502.opp-grc1,pagan,3.5,3570,1499,929,"[133, 11.2706766917, 126, 14.9802515712]"
509,Aeschylus,Agamemnon,tlg0085.tlg005.opp-grc3,pagan,-4.5,9898,5490,3712,"[538, 10.2044609665, 55, 8.2535910055]"
510,Pindar,Scholia vetera in Pindari carmina,tlg4170.tlg001.perseus-grc1,pagan,-4.5,1747,859,602,"[94, 9.1382978723, 23, 5.0667902128]"
511,Xenophon,On the Art of Horsemanship,tlg0032.tlg013.perseus-grc2,pagan,-3.5,7803,3237,1761,"[281, 11.5195729537, 50, 6.5468860188]"
512,Plato,Parmenides,tlg0059.tlg009.perseus-grc2,pagan,-3.5,17971,6620,3791,"[980, 6.7551020408, 64, 7.3229597346]"
513,pseudo-Aristotle,De spiritu,stoa0033a.tlg043.1st1K-grc1,pagan,-3.5,4002,1440,1083,"[193, 7.4611398964, 35, 5.1233280094]"
516,Hippocrates,De arte,tlg0627.tlg018.1st1K-grc1,pagan,-3.5,3150,1224,645,"[62, 19.7419354839, 53, 14.4667978978]"
517,Galen,De typis,tlg0057.tlg048.1st1K-grc1,pagan,2.5,1818,773,509,"[61, 12.6721311475, 35, 8.2516194366]"
518,Libanius,Declamationes I-XII,tlg2200.tlg00505.opp-grc1,pagan,3.5,9282,3774,2029,"[372, 10.1451612903, 65, 9.6339120576]"
519,Libanius,Declamationes XXXI-LI,tlg2200.tlg00550.opp-grc1,pagan,3.5,4315,1775,954,"[169, 10.5029585799, 61, 10.1521701766]"
520,Pindar (not sure what),Odes (Greek). Machine readable text - O.,tlg0033.tlg001.perseus-grc2,pagan,-4.5,6869,4136,3049,"[247, 16.7449392713, 102, 13.1689321505]"
521,Aeschylus,Persians,tlg0085.tlg002.opp-grc3,pagan,-4.5,6394,3679,2673,"[308, 11.9448051948, 75, 9.7311358783]"
524,Libanius,Orationes XXVI-L,tlg2200.tlg00427.opp-grc1,pagan,3.5,4155,1710,874,"[154, 11.1038961039, 55, 9.8772786825]"
527,Lysias,Against Diogeiton,tlg0540.tlg032.perseus-grc2,pagan,-4.5,1938,896,506,"[48, 18.6666666667, 53, 11.8520977984]"
528,Isocrates,Areopagiticus from Speeches Machine readable text,tlg0010.tlg018.perseus-grc2,pagan,-3.5,5082,2144,1182,"[115, 18.6434782609, 94, 12.7921112269]"
530,Justin Martyr,Dialogus cum Tryphone,tlg0645.tlg003.perseus-grc2,christian,1.5,69869,25397,15132,"[3362, 7.5541344438, 62, 8.2298308165]"
532,Lucianus Samosatenus,Juppiter tragoedus,tlg0062.tlg018.1st1K-grc1,pagan,1.5,7798,3358,2042,"[236, 14.2288135593, 66, 11.9045718443]"
533,Plutarch,Comparison of Theseus and Romulus,tlg0007.tlg003.perseus-grc2,pagan,1.5,1288,632,411,"[23, 27.4782608696, 104, 23.5830992638]"
534,Aristotle,Physica,tlg0086.tlg031.1st1K-grc1,pagan,-3.5,63750,23922,14544,"[1940, 12.3309278351, 85, 9.2145543865]"
536,Galen,De ptisana,tlg0057.tlg039.1st1K-grc1,pagan,2.5,2582,1064,688,"[82, 12.9756097561, 63, 8.5411137815]"
538,Galen,De Victu Attenuante,tlg0057.tlg019.opp-grc1,pagan,2.5,7129,3098,2094,"[132, 23.4696969697, 51, 10.6418551825]"
539,pseudo-Paul,New Testament - 2 Timothy Machine readable text,tlg0031.tlg016.perseus-grc2,christian,0.5,1476,661,445,"[46, 14.3695652174, 36, 8.375322695]"
541,Libanius,Orationes XIII-XXX,tlg2200.tlg00527.opp-grc1,pagan,3.5,2436,959,485,"[93, 10.311827957, 56, 10.5105973093]"
542,Plato,Phaedo,tlg0059.tlg004.perseus-grc2,pagan,-3.5,26121,10117,5356,"[704, 14.3707386364, 109, 13.4183260252]"
545,Aristotle,De memoria et reminiscentia,tlg0086.tlg024.1st1K-grc1,pagan,-3.5,2908,1060,558,"[100, 10.6, 33, 7.5815565684]"
546,Galen,Adversus eos qui de typis scripserunt vel de circuitibus,tlg0057.tlg049.1st1K-grc1,pagan,2.5,6392,2885,1859,"[197, 14.6446700508, 128, 13.4185126502]"
547,Hippocrates,De natura hominis,tlg0627.tlg019.1st1K-grc1,pagan,-3.5,4452,1856,1234,"[106, 17.5094339623, 58, 12.2968359813]"
548,Libanius,Orationes XXVI-L,tlg2200.tlg00450.opp-grc1,pagan,3.5,3299,1259,673,"[145, 8.6827586207, 42, 6.6970950453]"
549,Libanius,Orationes I-V,tlg2200.tlg00405.opp-grc1,pagan,3.5,3252,1354,824,"[120, 11.2833333333, 42, 8.3298492717]"
550,Libanius,Orationes XIII-XXX,tlg2200.tlg00520.opp-grc1,pagan,3.5,3228,1425,828,"[191, 7.4607329843, 51, 7.5700759392]"
552,Libanius,Orationes LI-LXIV,tlg2200.tlg00457.opp-grc1,pagan,3.5,4965,1988,1049,"[199, 9.9899497487, 56, 8.3761986015]"
553,Libanius,Orationes I-V,tlg2200.tlg00402.opp-grc1,pagan,3.5,4683,1810,975,"[141, 12.8368794326, 60, 10.6980637961]"
555,Lucianus Samosatenus,De sacrificiis Machine readable text,tlg0062.tlg027.perseus-grc2,pagan,1.5,1979,852,532,"[41, 20.7804878049, 68, 13.5061182073]"
556,pseudo-Paul,New Testament - 2 Thessalonians Machine readable text,tlg0031.tlg014.perseus-grc2,christian,0.5,928,379,251,"[24, 15.7916666667, 72, 14.3032023415]"
557,Lucianus Samosatenus,De morte Peregrini,tlg0062.tlg042.1st1K-grc1,pagan,1.5,4892,2128,1232,"[146, 14.5753424658, 52, 8.5854572934]"
558,pseudo-Paul,New Testament - Colossians Machine readable text,tlg0031.tlg012.perseus-grc2,christian,0.5,1815,741,504,"[37, 20.027027027, 129, 24.5163888775]"
560,Plutarch,Solon,tlg0007.tlg007.perseus-grc2,pagan,1.5,9571,4625,2783,"[277, 16.6967509025, 75, 10.4215354433]"
561,Galen,De rebus boni malique suci,tlg0057.tlg038.1st1K-grc1,pagan,2.5,11665,4952,3381,"[372, 13.311827957, 42, 6.797340553]"
562,Lucianus Samosatenus,Gallus,tlg0062.tlg019.1st1K-grc1,pagan,1.5,6619,2980,1820,"[197, 15.1269035533, 63, 12.7879677368]"
563,Lysias,Accusation of Calumny,tlg0540.tlg008.perseus-grc2,pagan,-4.5,1187,441,169,"[39, 11.3076923077, 27, 5.3835163714]"
564,Theon Smyrnaeus,De utilitate mathematicae,tlg1724.tlg001.1st1K-grc1,pagan,1.5,44721,17970,12337,"[1452, 12.3760330579, 111, 13.1570479377]"
565,Isocrates,Letters Machine readable text,tlg0010.tlg022.perseus-grc2,pagan,-3.5,617,247,113,"[12, 20.5833333333, 45, 13.0604896114]"
566,Herodian,Ab excessu divi Marci,tlg0015.tlg001.opp-grc1,pagan,2.5,52883,24627,15069,"[1482, 16.6174089069, 98, 9.8448857384]"
568,Galen,Ars Medica,tlg0057.tlg007.1st1K-grc1,pagan,2.5,18878,7570,5382,"[758, 9.9868073879, 43, 5.8134894623]"
570,Libanius,Orationes XXVI-L,tlg2200.tlg00442.opp-grc1,pagan,3.5,5427,2293,1218,"[206, 11.1310679612, 57, 9.2120281136]"
571,Isocrates,Against Lochites from Speeches Machine readable text,tlg0010.tlg003.perseus-grc2,pagan,-3.5,1249,544,284,"[34, 16.0, 45, 8.7615470028]"
572,Lysias,On The Property Of Eraton,tlg0540.tlg017.perseus-grc2,pagan,-4.5,671,279,151,"[24, 11.625, 24, 6.7380295092]"
573,Lysias,Against Philocrates,tlg0540.tlg029.perseus-grc2,pagan,-4.5,754,319,162,"[23, 13.8695652174, 29, 7.9142378458]"
574,Aeschylus,Seven Against Thebes Machine readable text,tlg0085.tlg004.perseus-grc2,pagan,-4.5,10,0,0,"[1, 0.0, 0, 0.0]"
575,Libanius,Declamationes XXXI-LI,tlg2200.tlg00535.opp-grc1,pagan,3.5,3291,1360,725,"[138, 9.8550724638, 65, 9.6184836587]"
576,Plutarch,Timoleon,tlg0007.tlg018.perseus-grc2,pagan,1.5,10013,4833,2936,"[199, 24.2864321608, 81, 16.9691818452]"
577,Galen,De bono habitu,tlg0057.tlg025.1st1K-grc1,pagan,2.5,953,385,276,"[35, 11.0, 28, 6.0190174803]"
578,Galen,De atra bile,tlg0057.tlg030.1st1K-grc1,pagan,2.5,7157,3063,1984,"[221, 13.8597285068, 85, 8.9216427032]"
579,Galen,De ossibus ad tirones,tlg0057.tlg012.1st1K-grc1,pagan,2.5,7919,3133,2099,"[318, 9.8522012579, 48, 5.6015646565]"
580,Apollodorus,Epitome  Machine readable text,tlg0548.tlg002.perseus-grc2,pagan,1.5,8994,4717,2912,"[401, 11.7630922693, 66, 7.9107385845]"
581,Libanius,Orationes XXVI-L,tlg2200.tlg00445.opp-grc1,pagan,3.5,3613,1434,747,"[130, 11.0307692308, 44, 9.3692939243]"
582,Libanius,Orationes I-V,tlg2200.tlg00410.opp-grc1,pagan,3.5,2513,1000,553,"[90, 11.1111111111, 51, 8.9733487425]"
584,Appian,Mithridatic Wars ,tlg0551.tlg014.perseus-grc2,pagan,1.5,27357,12690,8042,"[815, 15.5705521472, 65, 9.3609090096]"
585,Libanius,Declamationes XXXI-LI,tlg2200.tlg00532.opp-grc1,pagan,3.5,5087,2120,1193,"[162, 13.0864197531, 58, 12.2803642634]"
587,Sextus Empiricus,Adversus mathematicos,tlg0544.tlg002.opp-grc1,pagan,1.5,127283,52813,31182,"[4446, 11.8787674314, 70, 9.1810604162]"
589,Xenophon,Hiero,tlg0032.tlg008.perseus-grc2,pagan,-3.5,6777,2853,1576,"[184, 15.5054347826, 81, 11.8303208833]"
591,Euripides,Heracles Machine readable text,tlg0006.tlg009.perseus-grc2b,pagan,-4.5,9581,4943,3185,"[448, 11.0334821429, 75, 9.0502685645]"
592,Aristotle,Categoriae,tlg0086.tlg006.1st1K-grc1,pagan,-3.5,11657,4810,3104,"[406, 11.8472906404, 70, 7.9478800996]"
593,Clemens Romanus,Epistula I ad Corinthios,tlg1271.tlg001.1st1K-grc1,christian,0.5,11366,4935,3149,"[417, 11.8345323741, 54, 8.5555853177]"
594,Galen,De morborum differentiis,tlg0057.tlg041.1st1K-grc1,pagan,2.5,7645,3163,2153,"[228, 13.8728070175, 58, 7.8263251788]"
595,Galen,De tumoribus praeter naturam,tlg0057.tlg054.1st1K-grc1,pagan,2.5,4829,2054,1376,"[187, 10.9839572193, 37, 6.4455563898]"
597,Hippocrates,De diaeta in morbis acutis,tlg0627.tlg004.1st1K-grc1,pagan,-3.5,7116,3018,1931,"[167, 18.0718562874, 93, 13.0299373679]"
598,Hippocrates,Vectiarius,tlg0627.tlg011.1st1K-grc1,pagan,-3.5,6352,2419,1634,"[273, 8.8608058608, 49, 7.7058349574]"
599,Aristotle,Aristotelis Analytica Priora et Posteriora,tlg0086.tlg001.1st1K-grc2,pagan,-3.5,68668,23967,14200,"[2442, 9.8144963145, 67, 7.0293338467]"
600,Arrian,Periplus Ponti Euxini,tlg0074.tlg004.perseus-grc1,pagan,1.5,4964,2270,1704,"[282, 8.0496453901, 32, 5.465982799]"
603,Pindar,Scholia in Pindarum Pythian Odes,tlg5034.tlg001b.perseus-grc1,pagan,-4.5,61214,24814,16655,"[4535, 5.4716648291, 51, 6.014317884]"
604,,New Testament - Hebrews Machine readable text,tlg0031.tlg019.perseus-grc2,christian,0.5,5712,2562,1616,"[148, 17.3108108108, 75, 11.8896112678]"
606,Revelation,New Testament - Revelation Machine readable text,tlg0031.tlg027.perseus-grc2,christian,0.5,11154,4898,3216,"[321, 15.2585669782, 75, 10.7838489682]"
607,Sophocles,Electra Machine readable text,tlg0011.tlg005.perseus-grc2,pagan,-4.5,10509,4956,2966,"[494, 10.032388664, 54, 8.3323526553]"
608,Libanius,Orationes XXVI-L,tlg2200.tlg00426.opp-grc1,pagan,3.5,3212,1219,650,"[132, 9.1515151515, 42, 6.9831885229]"
610,Libanius,Declamationes XXXI-LI,tlg2200.tlg00551.opp-grc1,pagan,3.5,1320,581,316,"[58, 10.0172413793, 44, 8.1631877211]"
611,Libanius,Declamationes I-XII,tlg2200.tlg00504.opp-grc1,pagan,3.5,8269,3495,1901,"[241, 14.5020746888, 54, 12.5182437758]"
613,Aeschylus,Prometheus Bound,tlg0085.tlg003.opp-grc3,pagan,-4.5,7050,3670,2373,"[347, 10.5763688761, 55, 8.7831260518]"
614,Aristophanes,Ecclesiazusae Machine readable text,tlg0019.tlg010.perseus-grc2,pagan,-3.5,9104,3838,1998,"[576, 6.6631944444, 41, 5.3226878983]"
615,Pindar,Vita Ambrosiana,tlg4170.tlg001a.1st1K-grc1,pagan,-4.5,652,304,197,"[36, 8.4444444444, 18, 4.9857822547]"
616,Libanius,Declamationes I-XII,tlg2200.tlg00503.opp-grc1,pagan,3.5,2926,1209,662,"[118, 10.2457627119, 57, 9.7467390815]"
617,Lysias,Against Simon,tlg0540.tlg003.perseus-grc2,pagan,-4.5,2514,1048,499,"[68, 15.4117647059, 68, 12.5501761109]"
618,Isocrates,On the Peace from Speeches Machine readable text,tlg0010.tlg017.perseus-grc2,pagan,-3.5,8815,3728,2033,"[169, 22.0591715976, 128, 17.1580554139]"
619,Isocrates,Letters Machine readable text,tlg0010.tlg029.perseus-grc2,pagan,-3.5,912,369,189,"[17, 21.7058823529, 66, 14.5107047945]"
620,Alciphron,Epistulae,tlg0640.tlg001.First1K-grc1,pagan,1.5,25307,10819,6653,"[1189, 9.0992430614, 76, 8.8486141578]"
621,Aeschylus,Seven Against Thebes,tlg0085.tlg004.opp-grc3,pagan,-4.5,6369,3603,2543,"[316, 11.4018987342, 54, 8.958759037]"
622,Libanius,Epistulae 1-839,tlg2200.tlg001.opp-grc1,pagan,3.5,144530,57160,30517,"[7152, 7.9921700224, 58, 6.9773479118]"
623,Hippocrates,De glandulis,tlg0627.tlg042.1st1K-grc1,pagan,-3.5,2094,865,586,"[61, 14.1803278689, 85, 15.4054580457]"
629,Nichomachus of Gerasa,Introductio arithmetica,tlg0358.tlg001.1st1K-grc1,pagan,1.5,28402,11141,7775,"[436, 25.5527522936, 107, 22.0680654062]"
630,Soranus,Gynaeciorum Libri IV,tlg0565.tlg001.1st1K-grc1,pagan,3.5,49630,20863,13376,"[1685, 12.3816023739, 94, 11.1982838255]"
634,Euclid,Data,tlg1799.tlg007.First1K-grc1,pagan,-3.5,22683,8095,4429,"[999, 8.1031031031, 38, 6.553421069]"
635,Libanius,Declamationes XXXI-LI,tlg2200.tlg00543.opp-grc1,pagan,3.5,7067,2912,1776,"[198, 14.7070707071, 89, 14.4988697053]"
636,Libanius,Orationes XIII-XXX,tlg2200.tlg00516.opp-grc1,pagan,3.5,7848,3299,2014,"[261, 12.6398467433, 78, 11.6730927448]"
637,Libanius,Orationes LI-LXIV,tlg2200.tlg00461.opp-grc1,pagan,3.5,1927,839,536,"[81, 10.3580246914, 80, 12.8594574334]"
638,Libanius,Orationes XXVI-L,tlg2200.tlg00434.opp-grc1,pagan,3.5,2893,1181,600,"[91, 12.978021978, 58, 10.6285723375]"
639,Xenophon,Economics,tlg0032.tlg003.perseus-grc2,pagan,-3.5,20810,8637,4352,"[594, 14.5404040404, 114, 11.3273551006]"
640,Galen,De foetuum formatione,tlg0057.tlg022.1st1K-grc1,pagan,2.5,8741,3698,2366,"[208, 17.7788461538, 61, 10.0589194354]"
641,Gregory of Nazianzus,THE FIVE THEOLOGICAL ORATIONS OF GREGORY OF NAZIANZUS,tlg2022.tlg009.opp-grc1,christian,3.5,5922,2177,1358,"[217, 10.0322580645, 49, 8.7232868582]"
643,Lucianus Samosatenus,Cataplus,tlg0062.tlg016.1st1K-grc1,pagan,1.5,4783,2054,1232,"[212, 9.6886792453, 52, 8.581862409]"
644,Libanius,Declamationes XXXI-LI,tlg2200.tlg00544.opp-grc1,pagan,3.5,6640,2689,1383,"[232, 11.5905172414, 118, 13.0839627977]"
645,Clement of Alexandria,Excerpta ex Theodoto,tlg0555.tlg007.opp-grc1,christian,2.5,9020,3740,2454,"[358, 10.4469273743, 44, 7.0857658126]"
646,Libanius,Declamationes I-XII,tlg2200.tlg00511.opp-grc1,pagan,3.5,3230,1329,717,"[113, 11.7610619469, 50, 11.4646623949]"
647,Libanius,Orationes XXVI-L,tlg2200.tlg00433.opp-grc1,pagan,3.5,4470,1808,968,"[148, 12.2162162162, 40, 9.6545329926]"
648,Plato,Philebus,tlg0059.tlg010.perseus-grc2,pagan,-3.5,21711,8877,5621,"[881, 10.0760499432, 70, 9.3395953662]"
650,Heliodorus of Emesa,Aethiopica,tlg0658.tlg001.perseus-grc1,pagan,2.5,88309,38320,21818,"[2554, 15.0039154268, 90, 11.0509597844]"
651,Antisthenes,Ajax Αιας,tlg0591.1st1K001.1st1K-grc1,pagan,-3.5,568,233,108,"[19, 12.2631578947, 24, 6.2814857886]"
652,Isocrates,Against the Sophists from Speeches Machine readable text,tlg0010.tlg008.perseus-grc2,pagan,-3.5,1469,630,319,"[27, 23.3333333333, 66, 13.8831099088]"
653,Lysias,Against The Corn-Dealers,tlg0540.tlg022.perseus-grc2,pagan,-4.5,1307,542,248,"[38, 14.2631578947, 38, 9.272722335]"
654,Hippolytus of Rome,Refutatio Omnium Haeresium,tlg2115.tlg060.perseus-grc1,christian,2.5,82633,37576,23765,"[2684, 14.0, 101, 11.6268036596]"
656,Libanius,Orationes XIII-XXX,tlg2200.tlg00529.opp-grc1,pagan,3.5,2773,1188,678,"[122, 9.6639344262, 50, 8.2537727645]"
657,,Commentariorum Series In Evangelium Matthaei,tlg2042.tlg028.opp-grc1,christian,2.5,102534,2505,1627,"[3268, 0.7665238678, 41, 2.7125020918]"
659,Claudius Ptolemaeus,Apotelesmatica (= Tetrabiblos),tlg0363.tlg007.opp-grc2,pagan,1.5,42787,17484,12936,"[906, 19.298013245, 159, 21.6464042567]"
660,Hippocrates,Prorrheticon I,tlg0627.tlg016.1st1K-grc1,pagan,-3.5,12413,5297,3481,"[590, 8.9779661017, 67, 9.7696098806]"
661,Hippocrates,Prognosticon,tlg0627.tlg003.1st1K-grc1,pagan,-3.5,6097,2619,1676,"[196, 13.362244898, 82, 10.7952371897]"
662,Galen,De marcore,tlg0057.tlg053.1st1K-grc1,pagan,2.5,6608,2795,1739,"[189, 14.7883597884, 79, 9.8811815135]"
663,Galen,De morborum temporibus,tlg0057.tlg046.1st1K-grc1,pagan,2.5,6064,2537,1706,"[141, 17.9929078014, 65, 11.4727530774]"
664,Aristotle,Analytica priora,tlg0086.tlg001.1st1K-grc1,pagan,-3.5,69059,24216,14598,"[2575, 9.4042718447, 59, 6.3993371322]"
665,Aristotle,Historia animalium,tlg0086.tlg014.1st1K-grc1,pagan,-3.5,107867,44650,29859,"[4028, 11.0849056604, 48, 6.2264643704]"
667,pseudo-Galen,Introductio seu medicus,tlg0530.tlg012.1st1K-grc1,pagan,2.5,21912,9128,6261,"[1069, 8.5388213283, 49, 5.865473401]"
668,Isocrates,Panegyricus from Speeches Machine readable text,tlg0010.tlg011.perseus-grc2,pagan,-3.5,11977,5107,2852,"[220, 23.2136363636, 80, 16.0041129786]"
669,Plutarch,Fabius Maximus,tlg0007.tlg013.perseus-grc2,pagan,1.5,8569,4113,2495,"[172, 23.9127906977, 113, 16.978387743]"
670,Paul of Tarsus,New Testament - Romans Machine readable text,tlg0031.tlg006.perseus-grc2,christian,0.5,8202,3386,2215,"[251, 13.4900398406, 62, 10.0743698902]"
674,Libanius,Orationes XXVI-L,tlg2200.tlg00439.opp-grc1,pagan,3.5,2332,922,538,"[94, 9.8085106383, 34, 7.6607268637]"
675,Galen,De propriorum animi cuiuslibet affectuum dignotione et curatione,tlg0057.tlg028.1st1K-grc1,pagan,2.5,9591,4001,2283,"[311, 12.8649517685, 89, 8.8514587194]"
676,Soranus,De Fasciis,tlg0565.tlg003.1st1K-grc1,pagan,3.5,3650,1420,999,"[232, 6.1206896552, 28, 8.6314932304]"
677,Gregory of Nazianzus,CHRISTUS PATIENS,tlg2022.tlg003.opp-grc1,christian,3.5,19493,9484,5889,"[861, 11.0150987224, 107, 11.3323155099]"
679,Lysias,For Callias,tlg0540.tlg005.perseus-grc2,pagan,-4.5,274,121,68,"[5, 22.4, 34, 7.4188947964]"
681,Libanius,Declamationes XXXI-LI,tlg2200.tlg00549.opp-grc1,pagan,3.5,7839,3329,1878,"[280, 11.8892857143, 98, 13.0405367792]"
682,Plutarch,Comparison of Solon and Publicola,tlg0007.tlg009.perseus-grc2,pagan,1.5,1046,506,313,"[23, 22.0, 58, 14.5989874574]"
683,Hegemonius,Acta Archelai,stoa0146d.stoa001.opp-grc1,christian,3.5,2725,1161,727,"[105, 11.0571428571, 38, 8.2736858504]"
684,Galen,De differentiis pulsuum,tlg0057.tlg059.1st1K-grc1,pagan,2.5,49062,20230,12896,"[1595, 12.6833855799, 132, 9.603914749]"
685,Plato,Euthyphro,tlg0059.tlg001.perseus-grc1,pagan,-3.5,6335,2525,1449,"[213, 11.8544600939, 72, 10.0446160252]"
687,Hippocrates,De fracturis,tlg0627.tlg009.1st1K-grc1,pagan,-3.5,13254,5333,3277,"[402, 13.2661691542, 54, 9.9771529928]"
688,Appian,Gallic History ,tlg0551.tlg005.perseus-grc2,pagan,1.5,2354,1135,715,"[94, 12.0744680851, 44, 7.1059450113]"
689,Pindar,Vita metrica,tlg4170.tlg001c.1st1K-grc1,pagan,-4.5,237,135,98,"[12, 11.25, 23, 5.9459369881]"
691,2 Peter,New Testament - 2 Peter Machine readable text,tlg0031.tlg022.perseus-grc2,christian,0.5,1236,601,395,"[25, 24.04, 65, 15.3583332429]"
692,Ammonius Grammaticus,De adfinium vocabulorum differentia ΠΕΡΙ ΟΜΟΙΩΝ ΚΑΙ ΔΙΑΦΟΡΩΝ ΛΕΞΕΩΝ,tlg0708.tlg001.1st1K-grc1,pagan,3.5,21952,8597,5298,"[1659, 5.1820373719, 34, 4.251229281]"
694,Lysias,Against Andocides,tlg0540.tlg006.perseus-grc2,pagan,-4.5,2992,1289,683,"[100, 12.89, 50, 8.4580080397]"
695,Isocrates,Plataicus from Speeches Machine readable text,tlg0010.tlg012.perseus-grc2,pagan,-3.5,3539,1531,826,"[68, 22.5147058824, 81, 14.1966158427]"
696,Libanius,Declamationes I-XII,tlg2200.tlg00509.opp-grc1,pagan,3.5,4675,1843,1004,"[184, 10.0163043478, 47, 9.2121585203]"
698,Aristotle,Res Publica Atheniensium,tlg0086.tlg003.1st1K-grc1,pagan,-3.5,18494,7333,4382,"[785, 9.3414012739, 67, 10.232239823]"
699,Aristotle,De insomniis,tlg0086.tlg016.1st1K-grc1,pagan,-3.5,2749,1131,667,"[89, 12.7078651685, 44, 8.7630509376]"
700,Lysias,Against Epicrates and his Fellow-envoys,tlg0540.tlg027.perseus-grc2,pagan,-4.5,869,343,150,"[24, 14.2916666667, 32, 6.2281562726]"
702,Lysias,On the Property of Aristophanes,tlg0540.tlg019.perseus-grc2,pagan,-4.5,3562,1589,890,"[118, 13.4661016949, 54, 9.0363505115]"
704,Galen,"De tremore, palpitatione, convulsione et rigore",tlg0057.tlg051.1st1K-grc1,pagan,2.5,10454,4451,2717,"[345, 12.9014492754, 46, 7.8560692453]"
705,Galen,De symptomatum causis,tlg0057.tlg044.1st1K-grc1,pagan,2.5,33319,13599,9047,"[969, 14.0340557276, 60, 8.2118414941]"
706,Hippocrates,Lex,tlg0627.tlg014.1st1K-grc1,pagan,-3.5,409,173,122,"[18, 9.6111111111, 32, 9.3282062637]"
707,Hippocrates,De prisca medicina,tlg0627.tlg001.1st1K-grc1,pagan,-3.5,6477,2759,1717,"[177, 15.5875706215, 64, 12.3056398478]"
708,Luke,New Testament - Luke Machine readable text,tlg0031.tlg003.perseus-grc2,christian,0.5,21971,9610,5139,"[814, 11.8058968059, 84, 7.906030704]"
710,Plutarch,Caius Marcius Coriolanus,tlg0007.tlg016.perseus-grc2,pagan,1.5,10445,4989,2948,"[239, 20.8744769874, 83, 13.2718966161]"
711,Gregory of Nazianzus,THE FIVE THEOLOGICAL ORATIONS OF GREGORY OF NAZIANZUS,tlg2022.tlg011.opp-grc1,christian,3.5,7486,2810,1783,"[236, 11.906779661, 139, 12.3057705136]"
712,Libanius,Orationes LI-LXIV,tlg2200.tlg00459.opp-grc1,pagan,3.5,15432,6776,4003,"[482, 14.0580912863, 250, 15.8262331099]"
713,pseudo-Galen,De theriaca ad Pamphilianum,tlg0530.tlg032.1st1K-grc1,pagan,2.5,2551,1159,788,"[108, 10.7314814815, 58, 10.5879093182]"
715,Xenophon,Anabasis,tlg0032.tlg006.perseus-grc2,pagan,-3.5,64752,28723,15167,"[2348, 12.2329642249, 82, 7.6907201035]"
716,Lysias,Against Eratosthenes ,tlg0540.tlg012.perseus-grc1,pagan,-4.5,5529,2384,1170,"[157, 15.1847133758, 54, 10.1848030015]"
717,Origenes,De oratione,tlg2042.tlg008.perseus-grc1,christian,2.5,34020,13463,7991,"[791, 17.0202275601, 101, 15.2107685406]"
718,Plato,Hipparchus,tlg0059.tlg015.perseus-grc2,pagan,-3.5,2791,1149,686,"[130, 8.8384615385, 60, 9.1009753037]"
719,Galen,De utilitate respirationis,tlg0057.tlg020.1st1K-grc1,pagan,2.5,6999,2819,1720,"[253, 11.1422924901, 42, 6.7328694851]"
722,,Commentarium In Evangelium Matthaei (Lib. 12-17),tlg2042.tlg030.opp-grc1,christian,2.5,154266,43413,25783,"[3661, 11.8582354548, 110, 12.0915137506]"
723,1 Peter,New Testament - 1 Peter Machine readable text,tlg0031.tlg021.perseus-grc2,christian,0.5,1920,884,602,"[56, 15.7857142857, 42, 9.2015415745]"
724,pseudo-Galen,De optima secta ad Thrasybulum,tlg0530.tlg043.1st1K-grc1,pagan,2.5,20514,8373,4767,"[872, 9.6020642202, 45, 5.9738455455]"
725,Libanius,Declamationes XXXI-LI,tlg2200.tlg00538.opp-grc1,pagan,3.5,4352,1744,872,"[156, 11.1794871795, 58, 10.790836081]"
726,Plutarch,Romulus,tlg0007.tlg002.perseus-grc2,pagan,1.5,10461,5049,3092,"[319, 15.8275862069, 86, 9.682015976]"
727,pseudo-Paul,New Testament - Titus Machine readable text,tlg0031.tlg017.perseus-grc2,christian,0.5,783,392,283,"[27, 14.5185185185, 41, 9.3980706072]"
728,Galen,De venereis (ap. Oribasium),tlg0057.tlg035.1st1K-grc3,pagan,2.5,683,294,183,"[24, 12.25, 36, 10.1005362894]"
730,Martyrium Polycarpi,Martyrium Polycarpi,tlg1484.tlg001.1st1K-grc1,christian,1.5,3053,1368,820,"[103, 13.2815533981, 68, 9.7934171231]"
731,Lysias,Olympic Oration,tlg0540.tlg033.perseus-grc2,pagan,-4.5,463,194,117,"[8, 23.5, 39, 10.6301458127]"
732,Isocrates,Letters Machine readable text,tlg0010.tlg027.perseus-grc2,pagan,-3.5,1414,607,324,"[33, 18.3939393939, 85, 14.3968418126]"
733,Soranus,Vita Hippocratis Secundum Soranum,tlg0565.tlg004.1st1K-grc1,pagan,3.5,826,350,210,"[25, 14.0, 40, 9.8427638395]"
734,Appian,Sicily and the Other Islands ,tlg0551.tlg006.perseus-grc2,pagan,1.5,1058,512,318,"[43, 11.9069767442, 39, 7.6820962301]"
735,Isocrates,Antidosis from Speeches Machine readable text,tlg0010.tlg019.perseus-grc2,pagan,-3.5,19491,8243,4376,"[393, 20.9745547074, 101, 14.5895275581]"
736,Alexander of Aphrodisias,In Aristotelis Sophisticos Elenchos Commentarius [Sp.],tlg0732.tlgX01.opp-grc1,pagan,2.5,82749,32910,17309,"[2234, 14.7314234557, 88, 10.3123739041]"
739,Aristoxenus of Tarentum,Elementa Harmonica,tlg0088.tlg001.1st1K-grc1,pagan,-3.5,16044,7210,4650,"[464, 15.5387931034, 67, 9.8330132852]"
740,Libanius,Orationes XXVI-L,tlg2200.tlg00448.opp-grc1,pagan,3.5,4147,1663,869,"[181, 9.1878453039, 44, 7.9325935298]"
742,Herodotus,The Histories Machine readable text,tlg0016.tlg001.perseus-grc2,pagan,-4.5,208426,97096,58823,"[6877, 14.1189472154, 71, 8.8099734385]"
744,Alexander of Aphrodisias,In Aristotelis topicorum libros octo commentaria,tlg0732.tlg006.opp-grc1,pagan,2.5,207024,81955,49151,"[6125, 13.3804081633, 93, 9.4336579265]"
745,Sophocles,Ajax Machine readable text,tlg0011.tlg003.perseus-grc2,pagan,-4.5,9477,4759,2976,"[460, 10.3456521739, 67, 8.1643500373]"
746,,Fragmenta In Evangelium Joannis (In Catenis),tlg2042.tlg006.opp-grc1,christian,2.5,27531,10581,6146,"[1349, 7.8435878428, 80, 8.7512361526]"
747,Pindar,Pentathlon et de novem lyricis,tlg4170.tlg001d.1st1K-grc1,pagan,-4.5,224,139,113,"[17, 8.1764705882, 12, 2.915179222]"
748,Justin Martyr,Apologia,tlg0645.tlg001.opp-grc1,christian,1.5,16662,7470,4285,"[479, 15.5949895616, 80, 10.8859554013]"
750,Xenophon,On the Cavalry Commander,tlg0032.tlg012.perseus-grc2,pagan,-3.5,6410,2796,1511,"[210, 13.3142857143, 64, 7.7254240577]"
751,Libanius,Orationes I-V,tlg2200.tlg00408.opp-grc1,pagan,3.5,858,338,207,"[35, 9.6571428571, 59, 11.9258251757]"
753,Aristotle,Fragmenta Deperditae Partis Primae,tlg0086.tlg003.1st1K-grc2,pagan,-3.5,1495,528,359,"[149, 3.5436241611, 46, 7.6302851385]"
754,Hippocrates,Epidemiarum,tlg0627.tlg006.1st1K-grc1,pagan,-3.5,54928,24530,17127,"[2586, 9.4856921887, 68, 9.4533079487]"
755,Hippocrates,Iusiurandum,tlg0627.tlg013.1st1K-grc1,pagan,-3.5,294,141,96,"[9, 15.6666666667, 61, 16.9312334656]"
757,Galen,De symptomatum differentiis,tlg0057.tlg043.1st1K-grc1,pagan,2.5,7549,3011,2071,"[243, 12.3909465021, 52, 8.5567243267]"
758,Galen,De difficultate respirationis,tlg0057.tlg056.1st1K-grc1,pagan,2.5,36608,14947,9672,"[960, 15.5697916667, 89, 11.1735049316]"
759,Polyaenus,Excerpta Polyaeni,tlg0661.tlg002.1st1K-grc1,pagan,1.5,18993,9393,5330,"[961, 9.7741935484, 106, 8.3016741664]"
760,Plato,Lysis,tlg0059.tlg020.perseus-grc2,pagan,-3.5,8709,3085,1615,"[378, 8.1613756614, 51, 7.6412892768]"
763,Arrian,Anabasis,tlg0074.tlg001.perseus-grc1,pagan,1.5,86763,37908,24479,"[2267, 16.7216585796, 93, 11.378544234]"
765,,"Fragmenta in Librum Primum Regnorum (In Catenis de Samuelis et
                    Regnorum)",tlg2042.tlg014.opp-grc1,christian,2.5,2371,944,575,"[133, 7.0977443609, 39, 8.0429903742]"
767,Galen,In Hippocratis Epidemiarum I,tlg0057.tlg089.1st1K-grc1,pagan,2.5,177315,77034,48326,"[7035, 10.9501066098, 72, 6.9534086319]"
768,Galen,Quod animi mores corporis temperamenta sequantur,tlg0057.tlg027.1st1K-grc1,pagan,2.5,9672,4055,2735,"[311, 13.038585209, 66, 9.1874962174]"
769,Galen,De placitis Hippocratis et Platonis,tlg0057.tlg032.1st1K-grc1,pagan,2.5,108617,44185,27811,"[3243, 13.6247301881, 75, 8.9030530133]"
770,Aeschylus,Suppliant Women Machine readable text,tlg0085.tlg001.perseus-grc2,pagan,-4.5,6001,3389,2403,"[365, 9.2849315068, 59, 7.6474307841]"
771,Isocrates,Aegineticus from Speeches Machine readable text,tlg0010.tlg006.perseus-grc2,pagan,-3.5,3268,1375,746,"[84, 16.369047619, 72, 11.0019259806]"
772,Lysias,Against Eratosthenes,tlg0540.tlg012.perseus-grc2,pagan,-4.5,5529,2384,1170,"[157, 15.1847133758, 54, 10.1848030015]"
773,Demosthenes,Second Olynthiac ,tlg0014.tlg002.perseus-grc1,pagan,-3.5,2363,966,519,"[54, 17.8888888889, 49, 11.3344226056]"
775,Paul of Tarsus,New Testament - 2 Corinthians Machine readable text,tlg0031.tlg008.perseus-grc2,christian,0.5,5199,2020,1216,"[147, 13.7414965986, 76, 11.209257857]"
776,,De Engastrimytho,tlg2042.tlg013.opp-grc1,christian,2.5,4323,1749,975,"[137, 12.7664233577, 66, 12.6746270903]"
777,Appian,Macedonian Affairs ,tlg0551.tlg011.perseus-grc2,pagan,1.5,4094,1916,1187,"[137, 13.9854014599, 53, 9.7351686945]"
778,Athenaeus,Deipnosophistae,tlg0008.tlg001.perseus-grc3,pagan,2.5,324617,146115,95924,"[14765, 9.8956315611, 121, 8.2492584741]"
779,Lucianus Samosatenus,De mercede conductis potentium familiaribus,tlg0062.tlg033.1st1K-grc1,pagan,1.5,8032,3432,2002,"[205, 16.7414634146, 75, 11.7538364388]"
780,Galen,De venereis,tlg0057.tlg035.1st1K-grc2,pagan,2.5,456,195,126,"[16, 12.1875, 23, 5.6149215266]"
781,Epiphanius,EPIPHANIUS,tlg2021.tlg003.opp-grc1,christian,3.5,3776,1679,1174,"[201, 8.3532338308, 77, 10.1520579484]"
782,Arrian,Tactica,tlg0074.tlg005.perseus-grc1,pagan,1.5,10139,4360,2919,"[327, 13.3333333333, 52, 8.037501298]"
785,Gregory of Nazianzus,THE FIVE THEOLOGICAL ORATIONS OF GREGORY OF NAZIANZUS,tlg2022.tlg010.opp-grc1,christian,3.5,5899,2131,1380,"[182, 11.7087912088, 49, 9.424531333]"
787,Pindar,Scholia in Pindarum Nemean Odes,tlg5034.tlg001c.perseus-grc1,pagan,-4.5,46290,19203,12642,"[3014, 6.3712674187, 59, 6.8767602382]"
788,Origenes,Exhortatio ad martyrium,tlg2042.tlg007.perseus-grc1,christian,2.5,14627,5841,3508,"[399, 14.6390977444, 72, 11.3786536808]"
790,Lucianus Samosatenus,Bis accusatus sive tribunalia,tlg0062.tlg026.1st1K-grc1,pagan,1.5,6589,2884,1722,"[238, 12.1176470588, 118, 12.6578613236]"
791,Aristotle,De anima,tlg0086.tlg002.1st1K-grc2,pagan,-3.5,24204,9585,6144,"[710, 13.5, 119, 10.5198337158]"
792,Clemens Romanus,Epistula II ad Corinthios,tlg1271.tlg002.1st1K-grc1,christian,0.5,3505,1473,817,"[133, 11.0751879699, 36, 6.185872894]"
793,Galen,De locis affectis,tlg0057.tlg057.1st1K-grc1,pagan,2.5,79465,33585,21371,"[1561, 21.5150544523, 133, 12.655487683]"
794,Lysias,Against Pancleon ,tlg0540.tlg023.perseus-grc1,pagan,-4.5,885,386,180,"[33, 11.696969697, 46, 8.5828752987]"
795,Galen,De causis morborum,tlg0057.tlg042.1st1K-grc1,pagan,2.5,6867,2898,1944,"[223, 12.9955156951, 45, 8.017636254]"
796,Hippocrates,Aphorismi,tlg0627.tlg012.1st1K-grc1,pagan,-3.5,9701,4042,2766,"[844, 4.7890995261, 43, 6.1608052225]"
797,Hippocrates,De capitis vulneribus,tlg0627.tlg007.1st1K-grc1,pagan,-3.5,5823,2436,1555,"[149, 16.3489932886, 57, 11.5339744278]"
798,Libanius,Declamationes I-XII,tlg2200.tlg00508.opp-grc1,pagan,3.5,2932,1245,636,"[124, 10.0403225806, 49, 8.8939986957]"
799,Xenophon,Agesilaus,tlg0032.tlg009.perseus-grc2,pagan,-3.5,8258,3655,2050,"[241, 15.1659751037, 62, 10.750154104]"
800,Plutarch,Aemilius Paulus,tlg0007.tlg019.perseus-grc2,pagan,1.5,10928,5466,3469,"[235, 23.2595744681, 145, 17.8817827134]"
801,Aristotle,De sophisticis elenchis,tlg0086.tlg040.1st1K-grc1,pagan,-3.5,16154,6388,3560,"[595, 10.7361344538, 60, 6.9981477873]"
802,Galen,De parvae pilae exercitio,tlg0057.tlg034.1st1K-grc2,pagan,2.5,2000,842,541,"[62, 13.5806451613, 37, 8.1864332836]"
803,Apollonius Rhodius,Argonautica,tlg0001.tlg001.perseus-grc2,pagan,2.5,45667,23930,15832,"[1660, 14.4156626506, 75, 8.6875895686]"
804,Aristotle,Ars Poetica,tlg0086.tlg034.digicorpus-grc1,pagan,-3.5,11706,4918,3201,"[414, 11.8792270531, 44, 7.1674184561]"
805,Isocrates,Against Callimachus from Speeches Machine readable text,tlg0010.tlg002.perseus-grc2,pagan,-3.5,4009,1702,824,"[101, 16.8514851485, 51, 11.093112785]"
806,Lysias,In Defense of Mantitheus,tlg0540.tlg016.perseus-grc2,pagan,-4.5,1301,567,296,"[38, 14.9210526316, 39, 10.2889352396]"
807,Lysias,Against Ergocles,tlg0540.tlg028.perseus-grc2,pagan,-4.5,1031,443,251,"[23, 19.2608695652, 62, 13.888429314]"
808,Aeschylus,Agamemnon Machine readable text,tlg0085.tlg005.perseus-grc2,pagan,-4.5,9661,5316,3607,"[499, 10.6533066132, 80, 8.8252940869]"
809,Libanius,Declamationes XXXI-LI,tlg2200.tlg00548.opp-grc1,pagan,3.5,6170,2584,1478,"[251, 10.2948207171, 87, 10.514301258]"
811,Athenagoras,Supplication pro Christianis,tlg1205.tlg001.perseus-grc2,christian,1.5,13027,5660,3710,"[299, 18.9297658863, 141, 15.9907503661]"
812,Plutarch,Alcibiades,tlg0007.tlg015.perseus-grc2,pagan,1.5,11286,5337,3089,"[325, 16.4215384615, 63, 10.4164439866]"
813,Lysias,For The Soldier,tlg0540.tlg009.perseus-grc2,pagan,-4.5,1003,417,187,"[33, 12.6363636364, 35, 8.4272939753]"
814,Nichomachus of Gerasa,Problemata arithmetica,tlg0358.tlg005.1st1K-grc1,pagan,1.5,1436,551,281,"[26, 21.1923076923, 104, 24.6202218805]"
815,Isocrates,Letters Machine readable text,tlg0010.tlg023.perseus-grc2,pagan,-3.5,991,410,200,"[28, 14.6428571429, 37, 8.7145784494]"
817,Paul of Tarsus,New Testament - 1 Thessalonians Machine readable text,tlg0031.tlg013.perseus-grc2,christian,0.5,1682,654,417,"[46, 14.2173913043, 53, 11.4889607573]"
818,Libanius,Orationes XXVI-L,tlg2200.tlg00438.opp-grc1,pagan,3.5,2299,956,507,"[81, 11.8024691358, 93, 13.7305820267]"
819,Plutarch,Comparison of Lycurgus and Numa,tlg0007.tlg006.perseus-grc2,pagan,1.5,1770,835,561,"[31, 26.935483871, 69, 15.7068620382]"
820,Gorgias,Defense of Palamedes,tlg2255.perseus002.perseus-grc1,pagan,-3.5,2870,1213,724,"[134, 9.052238806, 52, 8.3561731263]"
821,pseudo-Galen,De remediis parabilibus,tlg0530.tlg029.1st1K-grc1,pagan,2.5,43843,22576,14881,"[4617, 4.8897552523, 110, 5.6117409452]"
823,Galen,Adversus ea quae Juliano in Hippocratis Aphorismos enuntiata sunt,tlg0057.tlg094.1st1K-grc1,pagan,2.5,8568,3759,2259,"[288, 13.0520833333, 57, 8.8979981265]"
824,Plato,Cratylus,tlg0059.tlg005.perseus-grc2,pagan,-3.5,22040,8858,5045,"[832, 10.6466346154, 104, 9.0624244411]"
825,Aristotle,"De iuventute et senectute, De vita et morte",tlg0086.tlg018.1st1K-grc1,pagan,-3.5,2090,854,552,"[61, 14.0, 41, 6.9045007892]"
826,Epistle of Barnabas,Barnabae epistula,tlg1216.tlg001.opp-grc1,christian,1.5,7930,3405,2001,"[345, 9.8695652174, 48, 7.3178618947]"
827,Pindar (not sure what),Odes (Greek). Machine readable text - I.,tlg0033.tlg004.perseus-grc2,pagan,-4.5,3386,2033,1503,"[118, 17.2288135593, 73, 12.0700013459]"
828,Iamblichus,Protrepticus,tlg2023.tlg002.1st1K-grc1,pagan,3.5,29212,12596,7866,"[840, 14.9952380952, 88, 11.824006097]"
832,Plutarch,Pericles,tlg0007.tlg012.perseus-grc2,pagan,1.5,11100,5363,3441,"[280, 19.1535714286, 83, 12.1338364603]"
833,Clement of Alexandria,Paedagogus,tlg0555.tlg002.opp-grc1,christian,2.5,67966,29565,19467,"[2071, 14.2757122163, 79, 10.5481254001]"
834,Galen,Institutio logica,tlg0057.tlg081.1st1K-grc1,pagan,2.5,10487,4046,2553,"[147, 27.5238095238, 91, 13.3962799859]"
835,Antisthenes,Odysseus ΟΔΥΣΣΕΥΣ,tlg0591.1st1K002.1st1K-grc1,pagan,-3.5,1057,416,225,"[30, 13.8666666667, 50, 9.4118129084]"
836,Hippocrates,De humoribus,tlg0627.tlg015.1st1K-grc1,pagan,-3.5,2981,1211,882,"[86, 14.0813953488, 54, 12.2039024604]"
837,Galen,De differentiis febrium,tlg0057.tlg045.1st1K-grc1,pagan,2.5,23692,9979,6685,"[587, 17.0, 96, 12.141555769]"
838,Galen,De plenitudine,tlg0057.tlg050.1st1K-grc1,pagan,2.5,12776,5165,3298,"[282, 18.3156028369, 82, 11.9554301363]"
839,Heraclides Ponticus,Res Publica Atheniensium,tlg1409.opp003.1st1K-grc1,pagan,-3.5,545,180,102,"[56, 3.2142857143, 18, 3.7307328163]"
840,Paul of Tarsus,New Testament - 1 Corinthians Machine readable text,tlg0031.tlg007.perseus-grc2,christian,0.5,8048,3342,2017,"[281, 11.8932384342, 42, 8.1905242431]"
841,Methodius,De Martyribus (Fragmenta),tlg2959.tlg008.opp-grc1,christian,3.5,69,32,25,"[2, 16.0, 22, 6.0]"
842,Isocrates,Helen from Speeches Machine readable text,tlg0010.tlg009.perseus-grc2,pagan,-3.5,4111,1830,1017,"[83, 22.0481927711, 91, 16.1012635996]"
843,Lysias,Against Pancleon,tlg0540.tlg023.perseus-grc2,pagan,-4.5,885,386,180,"[33, 11.696969697, 46, 8.5828752987]"
844,Aristotle,De interpretatione,tlg0086.tlg017.1st1K-grc1,pagan,-3.5,7129,2896,1728,"[265, 10.9283018868, 56, 7.6621189581]"
846,Aristotle,De anima,tlg0086.tlg002.1st1K-grc1,pagan,-3.5,24006,9609,6240,"[838, 11.4665871122, 60, 7.5380153848]"
847,Clement of Alexandria,Eclogae propheticae,tlg0555.tlg005.opp-grc1,christian,2.5,6035,2488,1623,"[264, 9.4242424242, 43, 7.1069974184]"
850,Libanius,Orationes I-V,tlg2200.tlg00409.opp-grc1,pagan,3.5,1081,421,264,"[47, 8.9574468085, 27, 7.3309528765]"
853,Epiphanius,EPIPHANIUS,tlg2021.tlg002.opp-grc1,christian,3.5,222015,93508,58804,"[7240, 12.9154696133, 251, 12.7002863945]"
854,,Fragmentum in Lamentationes (In Catenis de Octateucho),tlg2042.tlg012.opp-grc1,christian,2.5,198,78,42,"[7, 11.1428571429, 29, 9.3721254096]"
855,Alexander of Aphrodisias,Quaestiones,tlg0732.tlg012.opp-grc1,pagan,2.5,4139,1648,963,"[108, 15.2592592593, 71, 13.0571183724]"
856,Alexander of Aphrodisias,"In
    Aristotelis analyticorum priorum librum I commentarium",tlg0732.tlg005.opp-grc1,pagan,2.5,180310,69545,40113,"[4713, 14.755994059, 201, 10.3769746373]"
857,Galen,De semine,tlg0057.tlg021.1st1K-grc1,pagan,2.5,23785,9863,6358,"[744, 13.2567204301, 57, 8.3930628035]"
858,Galen,De parvae pilae exercitio,tlg0057.tlg034.1st1K-grc1,pagan,2.5,1924,831,536,"[74, 11.2297297297, 35, 7.0491465792]"
859,Plato,Symposium,tlg0059.tlg011.perseus-grc2,pagan,-3.5,20220,8315,4602,"[605, 13.7438016529, 132, 12.4072285819]"
861,Xenophon,Memorabilia,tlg0032.tlg002.perseus-grc2,pagan,-3.5,41772,17330,8682,"[1064, 16.287593985, 141, 13.672800927]"
862,,"Fragmentum In Librum Primum Regnorum (In Catenis de Cantico
                    Canticorum)",tlg2042.tlg015.opp-grc1,christian,2.5,110,48,33,"[11, 4.3636363636, 13, 5.3304055325]"
864,Homer,Iliad (Greek). Machine readable text,tlg0012.tlg001.perseus-grc2,pagan,-7.5,127292,67892,44727,"[3599, 18.8641289247, 139, 11.8017635295]"
865,Philostratus the Lemnian,Imagines,tlg1600.tlg001.perseus-grc2,pagan,2.5,26383,11331,7096,"[758, 14.9485488127, 68, 12.3920666491]"
866,Athenagoras,Legatio sive Supplicatio pro Christianis,tlg1205.tlg001.perseus-grc1,christian,1.5,13020,5648,3706,"[292, 19.3424657534, 141, 16.2174598775]"
867,,Commentarii in Evangelium Joannis,tlg2042.tlg005.opp-grc1,christian,2.5,183538,73827,43850,"[4003, 18.4429178116, 100, 13.1660327497]"
869,Libanius,Orationes XXVI-L,tlg2200.tlg00449.opp-grc1,pagan,3.5,3440,1409,752,"[130, 10.8384615385, 45, 8.5122570867]"
870,Artemidorus,Onirocriticon,tlg0553.tlg001.1st1K-grc1,pagan,1.5,71415,33054,19917,"[2878, 11.4850590688, 61, 7.416031166]"
872,Plato,Republic (Greek). Machine readable text,tlg0059.tlg030.perseus-grc2,pagan,-3.5,104571,41400,23132,"[3664, 11.2991266376, 112, 11.4423531082]"
873,Galen,De animi cuiuslibet peccatorum dignotione et curatione,tlg0057.tlg029.1st1K-grc1,pagan,2.5,7325,3147,1804,"[158, 19.917721519, 118, 15.1757489711]"
874,Libanius,Declamationes XXXI-LI,tlg2200.tlg00539.opp-grc1,pagan,3.5,3880,1609,870,"[160, 10.05625, 71, 10.6361687622]"
875,Antiphon,Περὶ τοῦ Ἡρῷδου φόνου  Machine readable text,tlg0028.tlg005.perseus-grc1,pagan,-4.5,7270,2843,1473,"[230, 12.3608695652, 69, 8.6434312395]"
876,Alcidamas,Odysseus,tlg0610.tlg001.opp-grc1,pagan,-3.5,4277,1934,1106,"[125, 15.472, 74, 13.4608029478]"
877,Lysias,Funeral Oration,tlg0540.tlg002.perseus-grc2,pagan,-4.5,4572,2063,1256,"[78, 26.4487179487, 98, 19.9008100827]"
878,Alcidamas,Peri Sophiston,tlg0610.perseus002.perseus-grc1,pagan,-3.5,2380,1086,607,"[47, 23.1063829787, 74, 17.1603625942]"
879,Isocrates,Archidamus from Speeches Machine readable text,tlg0010.tlg016.perseus-grc2,pagan,-3.5,6830,2921,1551,"[145, 20.1448275862, 66, 14.1601574657]"
880,Isocrates,Letters Machine readable text,tlg0010.tlg028.perseus-grc2,pagan,-3.5,310,129,64,"[5, 25.8, 42, 11.7029910707]"
881,Pindar,Vita Thomana et hypothesis Olympiorum,tlg4170.tlg001b.1st1K-grc1,pagan,-4.5,632,281,194,"[28, 10.0357142857, 21, 5.480368489]"
883,Hippocrates,De officina medici,tlg0627.tlg008.1st1K-grc1,pagan,-3.5,2842,1038,692,"[105, 9.8857142857, 42, 9.837067203]"
884,Sophocles,Oedipus Tyrannus Machine readable text,tlg0011.tlg004.perseus-grc2,pagan,-4.5,11150,5155,3053,"[503, 10.2485089463, 71, 8.3105643541]"
885,Galen,De pulsibus ad tirones,tlg0057.tlg058.1st1K-grc1,pagan,2.5,6854,2803,1941,"[331, 8.4682779456, 30, 5.4085131838]"
886,Paul of Tarsus,New Testament - Philemon Machine readable text,tlg0031.tlg018.perseus-grc2,christian,0.5,385,152,112,"[11, 13.8181818182, 40, 11.8153842843]"
888,Alexander of Aphrodisias,In Librum De Sensu Commentarium,tlg0732.tlg007.opp-grc1,pagan,2.5,57684,22864,14049,"[1577, 14.4984147115, 101, 10.5278639868]"
889,Hippocrates,De flatibus,tlg0627.tlg021.1st1K-grc1,pagan,-3.5,3324,1450,931,"[82, 17.6829268293, 66, 14.3185689168]"
890,Justin Martyr,Apologia Secunda,tlg0645.tlg002.opp-grc1,christian,1.5,3737,1665,1007,"[99, 16.8181818182, 62, 10.5086435192]"
891,Jude,New Testament - Jude Machine readable text,tlg0031.tlg026.perseus-grc2,christian,0.5,517,262,172,"[16, 16.375, 40, 8.425222549]"
892,Hesiod,Shield of Heracles (Greek). Machine readable text,tlg0020.tlg003.perseus-grc2,pagan,-6.5,796,426,298,"[29, 14.6896551724, 48, 11.163683264]"
893,Lysias,On The Refusal Of A Pension,tlg0540.tlg024.perseus-grc2,pagan,-4.5,1644,657,336,"[45, 14.6, 35, 7.1130552898]"
894,Isocrates,Letters Machine readable text,tlg0010.tlg030.perseus-grc2,pagan,-3.5,466,192,92,"[12, 16.0, 25, 5.9301489582]"
895,Aristophanes,Frogs Machine readable text,tlg0019.tlg009.perseus-grc2,pagan,-3.5,11001,4996,2948,"[713, 7.0070126227, 90, 7.0681877176]"
900,Plato,Lovers,tlg0059.tlg016.perseus-grc2,pagan,-3.5,2856,1128,578,"[102, 11.0588235294, 76, 11.7813607602]"
